IP,Port
43.138.200.133,853,
23.94.211.252,853,
23.247.213.178,853,
23.247.212.53,853,
45.90.28.126,853,
23.247.212.199,853,
194.150.105.228,853,
152.69.210.77,853,
172.210.48.176,853,
103.169.193.203,853,
91.246.113.183,853,
91.107.203.110,853,
45.90.31.119,853,
91.107.151.74,853,
99.242.255.28,853,
45.90.30.15,853,
172.234.212.136,853,
167.179.78.123,853,
23.247.214.181,853,
49.13.154.167,853,
23.247.214.151,853,
23.239.19.26,853,
45.90.31.73,853,
45.90.31.178,853,
45.90.30.71,853,
23.247.212.11,853,
172.109.187.125,853,
135.181.253.193,853,
153.126.167.61,853,
112.124.39.138,853,
141.147.70.28,853,
45.90.28.245,853,
43.156.54.15,853,
107.148.71.14,853,
45.90.28.146,853,
45.90.30.12,853,
178.253.23.166,853,
45.90.29.215,853,
104.248.95.153,853,
23.247.212.156,853,
192.3.59.192,853,
123.184.198.22,853,
146.19.14.110,853,
185.229.226.28,853,
23.247.212.175,853,
45.90.30.181,853,
59.10.221.115,853,
205.198.64.171,853,
104.255.68.65,853,
45.90.30.67,853,
23.247.213.224,853,
69.61.38.158,853,
45.90.30.146,853,
185.243.217.226,853,
49.12.43.208,853,
217.160.68.68,853,
23.247.214.179,853,
23.247.212.111,853,
85.239.238.254,853,
23.247.214.77,853,
185.165.116.122,853,
45.90.28.80,853,
103.85.38.2,853,
23.247.214.126,853,
45.90.29.144,853,
91.191.170.21,853,
103.199.17.192,853,
146.19.14.187,853,
107.172.214.252,853,
23.247.214.93,853,
45.90.28.13,853,
146.19.14.132,853,
45.90.31.49,853,
85.215.122.44,853,
47.253.24.11,853,
45.90.29.87,853,
23.247.212.45,853,
45.90.29.212,853,
43.247.135.8,853,
39.100.183.132,853,
45.90.28.79,853,
107.148.56.84,853,
23.247.214.135,853,
103.89.233.28,853,
47.100.42.2,853,
149.28.148.61,853,
23.247.215.48,853,
27.0.234.236,853,
146.19.14.188,853,
45.90.29.90,853,
45.90.31.15,853,
77.91.84.11,853,
95.179.182.121,853,
45.90.28.143,853,
134.195.90.47,853,
51.68.170.203,853,
144.91.104.133,853,
45.90.30.19,853,
45.90.30.99,853,
146.19.14.177,853,
45.90.30.112,853,
148.135.68.232,853,
66.23.193.192,853,
45.90.30.214,853,
67.219.103.157,853,
146.19.14.155,853,
45.90.28.110,853,
200.25.62.68,853,
90.84.237.220,853,
23.247.214.182,853,
172.104.59.35,853,
45.90.28.20,853,
45.90.29.45,853,
45.90.31.161,853,
45.150.240.165,853,
157.90.183.107,853,
66.206.31.204,853,
45.90.31.126,853,
5.42.86.188,853,
45.90.29.82,853,
123.184.198.20,853,
128.199.118.222,853,
45.142.244.144,853,
23.247.213.146,853,
112.126.74.237,853,
152.42.236.209,853,
23.247.214.143,853,
45.90.28.230,853,
45.90.31.36,853,
23.247.214.149,853,
45.90.31.194,853,
23.247.212.200,853,
146.19.14.195,853,
206.237.21.110,853,
146.19.14.185,853,
23.247.212.98,853,
106.55.249.126,853,
23.247.213.83,853,
23.247.213.13,853,
23.247.213.230,853,
89.208.107.156,853,
146.19.14.70,853,
45.90.28.49,853,
154.21.93.142,853,
182.253.73.253,853,
23.247.213.213,853,
23.247.213.191,853,
45.90.31.16,853,
135.181.102.167,853,
202.12.80.23,853,
45.90.31.38,853,
45.90.30.154,853,
39.96.73.37,853,
45.90.28.102,853,
45.90.31.62,853,
159.54.140.167,853,
23.247.215.73,853,
124.223.77.150,853,
45.90.28.64,853,
2.7.65.66,853,
45.90.30.253,853,
23.247.213.189,853,
45.90.28.50,853,
138.2.7.202,853,
77.91.84.213,853,
125.253.103.96,853,
172.93.220.162,853,
45.90.28.70,853,
129.213.94.4,853,
212.18.3.5,853,
90.166.78.128,853,
116.118.47.176,853,
23.247.215.50,853,
60.204.249.213,853,
157.90.124.232,853,
193.225.113.4,853,
109.107.181.106,853,
8.39.235.108,853,
148.135.98.95,853,
45.90.31.101,853,
23.247.214.11,853,
45.90.31.200,853,
103.179.44.88,853,
45.90.31.213,853,
107.148.201.226,853,
188.228.176.191,853,
223.5.5.109,853,
23.247.214.125,853,
37.123.153.208,853,
45.90.31.68,853,
23.247.212.24,853,
146.19.14.43,853,
23.247.214.129,853,
23.247.212.161,853,
146.19.14.127,853,
23.247.213.159,853,
46.243.231.30,853,
158.101.203.90,853,
202.158.246.47,853,
23.247.213.220,853,
146.19.14.176,853,
38.175.120.133,853,
89.117.54.234,853,
159.213.101.75,853,
155.138.130.135,853,
23.247.215.204,853,
45.90.30.72,853,
45.90.31.196,853,
15.235.182.47,853,
45.90.29.30,853,
134.122.160.165,853,
78.46.213.221,853,
23.247.212.174,853,
23.247.213.85,853,
23.247.213.160,853,
159.69.195.211,853,
45.90.31.239,853,
212.111.43.215,853,
91.142.82.126,853,
166.1.173.77,853,
45.90.28.139,853,
74.208.89.51,853,
23.247.214.195,853,
23.247.212.204,853,
23.247.214.194,853,
44.9.16.35,853,
23.247.212.5,853,
8.217.79.202,853,
23.247.215.152,853,
94.140.14.141,853,
217.146.13.5,853,
216.238.84.78,853,
89.58.11.100,853,
176.58.82.26,853,
46.246.120.92,853,
45.90.31.212,853,
45.90.29.89,853,
49.12.34.235,853,
82.165.235.35,853,
45.90.31.153,853,
146.19.14.1,853,
66.135.25.157,853,
23.247.215.123,853,
43.138.229.64,853,
45.90.28.134,853,
23.247.214.186,853,
146.19.14.213,853,
78.47.91.55,853,
178.255.154.59,853,
154.223.16.69,853,
37.27.127.28,853,
23.247.213.197,853,
23.247.212.208,853,
77.232.142.106,853,
168.138.26.232,853,
45.90.29.124,853,
78.192.188.211,853,
23.247.214.78,853,
45.90.30.163,853,
121.37.12.255,853,
45.90.30.135,853,
146.19.14.17,853,
198.244.189.179,853,
78.47.51.38,853,
91.107.237.149,853,
45.90.30.207,853,
45.90.30.106,853,
158.247.198.10,853,
217.160.150.14,853,
23.247.214.97,853,
13.67.112.73,853,
23.247.215.218,853,
45.11.105.129,853,
45.90.28.252,853,
45.90.28.118,853,
23.247.213.61,853,
45.90.29.9,853,
23.247.214.88,853,
89.19.217.48,853,
45.90.29.59,853,
213.252.17.20,853,
45.90.31.227,853,
23.247.214.237,853,
23.247.213.30,853,
107.175.142.142,853,
213.35.124.163,853,
213.212.231.99,853,
23.247.214.206,853,
146.19.14.183,853,
130.162.182.137,853,
69.197.162.234,853,
23.247.215.103,853,
185.113.28.138,853,
23.247.215.201,853,
152.70.218.58,853,
23.247.214.124,853,
45.90.28.183,853,
209.209.59.227,853,
23.247.215.225,853,
62.235.33.13,853,
23.247.213.48,853,
45.90.28.160,853,
194.233.65.99,853,
141.11.128.63,853,
8.134.61.159,853,
185.38.27.139,853,
85.56.22.2,853,
23.247.215.42,853,
193.225.113.19,853,
178.79.159.191,853,
18.192.67.39,853,
23.247.214.138,853,
45.90.30.34,853,
172.233.152.29,853,
45.90.29.74,853,
45.90.28.205,853,
178.74.4.237,853,
162.220.221.25,853,
45.79.155.173,853,
188.25.200.241,853,
89.213.145.2,853,
217.146.1.31,853,
23.247.214.200,853,
23.247.213.66,853,
146.19.14.154,853,
45.90.31.83,853,
107.148.71.22,853,
23.247.215.140,853,
23.247.215.34,853,
147.45.75.247,853,
45.90.30.109,853,
45.90.28.115,853,
193.233.207.80,853,
23.247.214.74,853,
146.19.14.194,853,
23.247.215.112,853,
23.247.213.119,853,
45.90.30.228,853,
149.28.12.202,853,
159.65.12.90,853,
23.247.212.88,853,
103.69.87.89,853,
114.35.184.15,853,
23.247.214.131,853,
62.171.152.30,853,
146.19.14.215,853,
45.90.29.151,853,
37.252.189.117,853,
45.90.29.121,853,
23.247.214.44,853,
84.25.166.95,853,
23.247.212.189,853,
45.90.30.30,853,
23.247.215.236,853,
23.247.213.150,853,
45.90.28.156,853,
72.19.12.170,853,
172.104.133.86,853,
23.247.215.113,853,
93.176.179.192,853,
8.134.194.61,853,
217.180.226.138,853,
45.77.162.235,853,
45.87.102.46,853,
185.237.206.246,853,
23.247.214.2,853,
146.19.14.111,853,
45.125.18.10,853,
23.247.214.7,853,
45.90.30.248,853,
192.36.61.41,853,
104.167.242.119,853,
45.142.234.142,853,
154.211.12.73,853,
45.90.29.20,853,
23.247.213.40,853,
23.247.214.21,853,
23.247.214.187,853,
23.247.214.165,853,
172.245.88.84,853,
45.90.31.5,853,
103.61.253.35,853,
45.90.31.141,853,
23.247.215.142,853,
217.146.9.93,853,
1.161.117.203,853,
23.247.214.153,853,
45.90.28.43,853,
185.165.118.251,853,
68.233.112.50,853,
23.247.214.253,853,
200.25.70.69,853,
23.247.215.70,853,
92.118.150.65,853,
45.90.30.6,853,
45.90.29.106,853,
103.174.50.53,853,
109.120.157.96,853,
122.51.9.6,853,
205.185.117.191,853,
43.129.80.38,853,
64.191.0.243,853,
124.222.49.201,853,
163.47.221.43,853,
117.50.177.205,853,
103.89.233.29,853,
45.90.30.46,853,
23.247.215.194,853,
45.90.31.98,853,
45.90.31.250,853,
154.19.184.127,853,
146.19.14.91,853,
23.247.215.93,853,
159.69.240.150,853,
45.76.6.88,853,
45.90.31.159,853,
45.90.30.137,853,
23.247.215.237,853,
23.247.213.111,853,
45.90.30.170,853,
23.247.212.122,853,
146.19.14.16,853,
23.247.214.157,853,
35.215.30.118,853,
23.247.213.225,853,
172.105.150.28,853,
39.103.26.195,853,
34.81.145.71,853,
23.247.214.60,853,
139.59.170.205,853,
172.104.131.179,853,
152.67.79.124,853,
103.187.146.139,853,
202.61.228.146,853,
82.165.60.83,853,
23.247.215.68,853,
45.90.28.37,853,
49.233.31.186,853,
129.159.143.241,853,
160.19.78.139,853,
18.183.209.28,853,
45.90.28.127,853,
209.141.47.56,853,
45.90.30.191,853,
23.247.214.107,853,
45.90.31.224,853,
52.72.49.53,853,
150.158.166.222,853,
158.101.150.81,853,
46.243.157.137,853,
23.247.212.190,853,
217.146.28.67,853,
45.90.30.209,853,
45.90.29.184,853,
185.25.51.84,853,
23.247.213.49,853,
45.90.30.13,853,
45.90.31.169,853,
166.70.97.193,853,
158.174.91.230,853,
82.165.18.28,853,
23.247.213.47,853,
194.28.225.51,853,
45.90.30.44,853,
79.115.248.2,853,
45.90.30.235,853,
45.90.29.35,853,
139.162.142.89,853,
185.253.5.254,853,
45.90.31.102,853,
45.90.31.147,853,
209.38.160.55,853,
45.90.28.3,853,
23.247.212.137,853,
23.247.213.127,853,
146.19.14.237,853,
109.197.199.134,853,
161.97.99.10,853,
77.72.225.249,853,
45.90.31.173,853,
89.58.51.4,853,
45.90.29.246,853,
88.210.13.106,853,
220.135.224.78,853,
188.68.248.5,853,
70.34.196.140,853,
146.19.14.168,853,
106.14.73.186,853,
45.90.29.53,853,
45.90.30.50,853,
23.247.213.51,853,
45.90.31.45,853,
23.247.212.10,853,
45.90.29.64,853,
20.25.191.114,853,
23.247.213.251,853,
23.247.212.103,853,
45.90.29.75,853,
217.146.31.87,853,
103.167.211.130,853,
123.203.141.227,853,
23.247.215.25,853,
8.129.152.235,853,
89.111.141.134,853,
23.247.213.175,853,
45.90.29.115,853,
165.22.67.131,853,
172.234.96.239,853,
51.79.74.150,853,
171.244.60.248,853,
176.124.192.89,853,
45.90.28.164,853,
173.255.201.254,853,
23.247.215.143,853,
45.90.28.35,853,
45.90.30.66,853,
45.90.28.81,853,
146.19.14.122,853,
23.99.109.92,853,
45.90.29.230,853,
172.245.108.15,853,
202.12.80.24,853,
23.247.212.132,853,
23.247.213.170,853,
23.247.212.114,853,
37.221.198.155,853,
23.247.213.218,853,
45.90.28.190,853,
23.247.212.52,853,
45.32.111.175,853,
149.130.181.45,853,
23.247.213.133,853,
45.90.28.108,853,
47.243.105.150,853,
23.247.214.66,853,
178.63.7.220,853,
23.247.213.115,853,
72.181.102.29,853,
23.247.214.229,853,
23.247.212.95,853,
89.58.62.53,853,
91.38.170.36,853,
23.247.214.247,853,
45.90.28.46,853,
45.78.37.137,853,
23.247.213.204,853,
135.0.9.5,853,
45.90.30.63,853,
23.247.214.214,853,
77.72.225.253,853,
168.119.69.113,853,
45.90.30.178,853,
77.221.138.196,853,
23.247.213.102,853,
23.247.214.20,853,
45.90.30.144,853,
45.32.146.199,853,
62.238.148.121,853,
118.195.210.29,853,
217.182.74.146,853,
137.220.64.157,853,
45.90.28.227,853,
49.12.99.89,853,
146.19.14.197,853,
168.138.181.85,853,
45.90.31.254,853,
195.246.120.28,853,
146.19.14.209,853,
195.146.2.179,853,
46.250.239.219,853,
194.38.104.99,853,
95.111.199.236,853,
94.140.14.49,853,
45.90.31.75,853,
23.247.215.246,853,
46.39.244.35,853,
66.103.222.186,853,
45.90.29.218,853,
45.90.31.46,853,
174.112.251.9,853,
146.19.14.138,853,
159.65.149.115,853,
110.41.55.203,853,
37.252.247.33,853,
200.25.66.71,853,
111.230.93.36,853,
23.247.214.112,853,
52.27.130.237,853,
47.122.8.13,853,
45.90.28.66,853,
64.191.0.244,853,
146.19.14.191,853,
23.247.212.179,853,
1.34.247.52,853,
45.90.31.144,853,
23.247.215.195,853,
193.233.233.178,853,
23.134.94.109,853,
106.55.250.52,853,
151.236.21.57,853,
146.19.14.200,853,
45.136.49.216,853,
51.77.215.209,853,
103.155.226.226,853,
89.110.79.230,853,
45.90.30.205,853,
45.90.28.34,853,
45.90.31.165,853,
47.238.225.184,853,
212.74.143.1,853,
45.90.29.241,853,
86.245.28.236,853,
116.202.86.159,853,
45.90.28.140,853,
172.233.235.135,853,
185.65.201.1,853,
45.90.28.87,853,
23.247.214.191,853,
45.56.119.141,853,
47.93.42.97,853,
146.19.14.162,853,
116.204.183.61,853,
107.174.156.228,853,
146.19.14.0,853,
23.247.214.13,853,
77.238.247.208,853,
217.160.118.100,853,
23.247.214.3,853,
139.28.40.42,853,
209.250.238.43,853,
142.171.167.237,853,
205.198.64.72,853,
113.94.17.194,853,
123.207.221.179,853,
79.116.13.205,853,
45.90.29.93,853,
185.245.96.97,853,
23.247.215.176,853,
167.88.171.10,853,
45.90.30.169,853,
23.247.215.14,853,
82.155.110.188,853,
91.134.133.120,853,
23.247.213.128,853,
194.180.189.33,853,
18.141.199.46,853,
173.91.248.104,853,
165.154.71.240,853,
185.87.111.218,853,
23.247.215.174,853,
88.99.173.65,853,
23.247.214.251,853,
23.247.215.65,853,
89.33.85.103,853,
23.247.215.87,853,
213.212.231.102,853,
24.212.68.30,853,
45.90.30.168,853,
92.60.70.200,853,
192.71.244.75,853,
121.168.48.251,853,
129.150.62.24,853,
60.253.115.22,853,
23.247.213.181,853,
23.247.213.248,853,
23.247.213.72,853,
188.245.62.233,853,
23.247.213.39,853,
146.19.14.65,853,
23.247.212.2,853,
45.90.29.137,853,
172.105.152.133,853,
193.225.113.18,853,
45.90.31.65,853,
45.90.29.217,853,
187.202.246.94,853,
47.108.64.72,853,
176.150.35.61,853,
47.116.214.128,853,
101.35.92.96,853,
23.247.215.60,853,
118.68.57.252,853,
45.155.169.206,853,
23.247.215.243,853,
45.90.31.64,853,
150.230.234.49,853,
139.84.164.110,853,
45.90.30.158,853,
45.90.31.89,853,
87.220.80.173,853,
146.19.14.130,853,
8.129.152.228,853,
139.84.131.131,853,
193.123.232.147,853,
45.79.207.249,853,
45.90.29.60,853,
23.247.214.113,853,
83.229.121.83,853,
45.90.31.187,853,
23.247.213.168,853,
159.203.40.159,853,
94.61.235.226,853,
68.218.34.50,853,
146.19.14.109,853,
23.247.212.197,853,
23.247.215.117,853,
51.38.189.197,853,
23.247.214.49,853,
23.247.215.118,853,
192.121.87.101,853,
8.138.100.43,853,
119.29.1.186,853,
74.225.203.20,853,
23.247.215.58,853,
123.118.119.82,853,
23.247.213.172,853,
194.147.115.250,853,
8.214.80.202,853,
23.247.214.159,853,
23.247.213.222,853,
139.144.132.246,853,
202.186.215.90,853,
23.247.213.50,853,
149.248.36.234,853,
45.90.30.85,853,
45.90.29.37,853,
23.247.212.50,853,
38.47.108.152,853,
45.90.31.245,853,
45.90.31.216,853,
217.156.77.14,853,
38.175.117.129,853,
192.71.227.111,853,
111.229.205.176,853,
185.99.133.208,853,
72.209.121.61,853,
103.151.141.132,853,
45.90.30.149,853,
45.90.30.139,853,
23.247.215.219,853,
62.113.118.213,853,
45.90.29.50,853,
182.40.70.10,853,
23.247.214.230,853,
23.247.215.57,853,
23.247.214.162,853,
23.247.213.152,853,
138.197.184.93,853,
5.252.226.37,853,
23.247.215.222,853,
23.247.214.176,853,
152.69.208.198,853,
45.90.30.241,853,
38.175.112.132,853,
5.42.74.57,853,
23.247.213.199,853,
45.90.30.95,853,
104.168.125.197,853,
8.137.37.88,853,
45.90.29.222,853,
103.188.19.251,853,
45.90.31.139,853,
23.247.215.13,853,
47.108.0.63,853,
45.90.28.53,853,
45.90.30.245,853,
23.247.215.192,853,
103.214.112.124,853,
185.78.76.222,853,
45.90.30.179,853,
95.179.152.253,853,
23.247.215.163,853,
5.39.87.25,853,
104.36.148.181,853,
93.87.157.98,853,
45.90.30.141,853,
47.107.33.40,853,
45.90.29.198,853,
23.247.214.201,853,
78.56.25.190,853,
116.62.8.168,853,
199.247.16.158,853,
23.247.214.57,853,
200.42.4.55,853,
47.61.177.19,853,
23.247.212.232,853,
141.224.200.121,853,
158.248.116.56,853,
103.167.151.73,853,
23.247.214.26,853,
23.247.215.55,853,
91.183.56.64,853,
43.218.134.181,853,
79.137.206.234,853,
23.247.213.71,853,
23.247.214.205,853,
45.90.30.76,853,
64.191.0.241,853,
172.104.240.112,853,
218.161.41.50,853,
23.247.214.80,853,
129.159.245.67,853,
45.90.31.232,853,
148.135.96.215,853,
185.47.223.200,853,
23.247.213.193,853,
146.19.14.21,853,
27.16.189.192,853,
23.247.213.202,853,
34.92.175.128,853,
107.175.44.18,853,
125.182.50.177,853,
141.144.231.58,853,
45.90.30.217,853,
45.90.28.12,853,
45.90.30.196,853,
89.150.152.201,853,
23.247.214.140,853,
98.42.80.144,853,
137.74.168.227,853,
34.159.21.163,853,
142.93.102.101,853,
43.136.99.50,853,
45.90.28.32,853,
121.37.203.55,853,
23.247.213.207,853,
178.79.172.79,853,
45.36.203.239,853,
23.247.215.89,853,
34.150.50.215,853,
146.19.14.115,853,
77.91.69.184,853,
212.132.117.52,853,
23.247.214.51,853,
45.90.29.223,853,
45.90.30.200,853,
23.247.212.62,853,
81.95.108.27,853,
86.106.182.8,853,
159.196.11.115,853,
45.90.29.54,853,
23.247.212.109,853,
45.90.30.96,853,
23.247.215.165,853,
199.193.126.217,853,
81.31.245.48,853,
193.242.145.21,853,
45.90.29.214,853,
23.247.214.146,853,
117.74.115.74,853,
62.171.176.56,853,
217.29.117.135,853,
192.243.125.170,853,
194.120.24.211,853,
86.93.234.7,853,
45.78.33.222,853,
193.225.113.115,853,
146.19.14.207,853,
87.98.149.33,853,
45.11.104.119,853,
103.70.115.6,853,
23.247.215.111,853,
217.146.13.3,853,
23.247.215.84,853,
23.247.212.59,853,
23.247.214.190,853,
54.205.227.31,853,
45.90.28.251,853,
146.19.14.27,853,
23.247.213.2,853,
45.90.29.175,853,
146.19.14.124,853,
45.90.31.77,853,
45.129.181.164,853,
91.191.170.20,853,
146.56.101.221,853,
5.188.93.221,853,
178.72.196.58,853,
37.252.230.153,853,
45.67.228.67,853,
129.154.215.15,853,
45.90.30.203,853,
23.247.213.69,853,
129.153.224.48,853,
23.247.213.157,853,
108.172.38.198,853,
45.130.20.90,853,
146.19.14.223,853,
23.247.212.211,853,
82.212.23.165,853,
123.187.240.252,853,
51.222.28.207,853,
45.90.31.210,853,
45.90.31.231,853,
192.71.249.67,853,
192.3.86.159,853,
128.0.131.108,853,
45.90.28.196,853,
23.247.213.186,853,
104.224.54.161,853,
103.13.114.172,853,
45.90.30.104,853,
23.247.214.9,853,
23.247.212.66,853,
130.61.171.138,853,
45.90.29.23,853,
23.247.212.71,853,
185.253.5.0,853,
23.247.212.205,853,
152.70.52.219,853,
192.3.212.122,853,
23.247.213.216,853,
104.248.172.37,853,
45.90.31.23,853,
45.90.28.104,853,
45.90.29.197,853,
45.90.28.125,853,
45.90.31.92,853,
101.35.120.56,853,
23.247.212.227,853,
85.159.230.152,853,
23.247.212.35,853,
68.107.211.13,853,
45.90.28.5,853,
193.225.113.118,853,
116.90.75.129,853,
185.140.53.64,853,
23.247.214.119,853,
23.247.212.19,853,
143.198.153.252,853,
23.247.214.217,853,
45.90.28.22,853,
158.180.91.241,853,
23.247.213.32,853,
81.130.198.159,853,
54.162.203.237,853,
103.149.28.129,853,
178.209.51.242,853,
146.19.14.139,853,
23.247.215.31,853,
45.90.31.12,853,
23.247.212.16,853,
194.67.206.111,853,
146.19.14.251,853,
23.247.215.150,853,
146.19.14.137,853,
146.19.14.75,853,
194.233.160.20,853,
77.72.225.247,853,
34.146.181.134,853,
146.19.14.104,853,
113.23.254.171,853,
45.90.31.246,853,
54.36.101.164,853,
45.150.242.137,853,
23.247.212.18,853,
66.179.254.136,853,
23.247.214.40,853,
152.53.1.244,853,
23.247.214.203,853,
146.19.14.129,853,
203.79.72.132,853,
208.72.155.33,853,
45.90.29.231,853,
23.247.212.217,853,
93.200.171.54,853,
171.101.42.187,853,
23.247.212.119,853,
3.254.250.0,853,
45.90.29.199,853,
45.90.28.241,853,
222.117.173.181,853,
216.230.232.29,853,
125.42.170.236,853,
45.90.28.185,853,
219.146.247.58,853,
212.113.103.179,853,
23.247.212.3,853,
138.2.88.28,853,
85.159.226.192,853,
139.155.0.115,853,
45.90.31.215,853,
110.40.193.47,853,
23.247.213.56,853,
23.88.68.113,853,
23.247.215.116,853,
218.78.10.167,853,
212.83.56.33,853,
23.247.213.174,853,
23.247.215.185,853,
45.90.31.1,853,
1.13.159.235,853,
63.250.44.177,853,
111.173.81.182,853,
185.203.119.234,853,
23.247.215.161,853,
31.184.218.173,853,
23.247.213.246,853,
51.79.249.76,853,
23.247.213.135,853,
162.19.158.80,853,
45.90.28.120,853,
45.90.30.69,853,
45.142.247.197,853,
45.90.29.157,853,
23.247.215.105,853,
23.247.212.60,853,
5.196.88.52,853,
64.64.255.69,853,
103.54.170.15,853,
23.247.212.76,853,
79.174.62.155,853,
176.10.127.100,853,
45.90.31.95,853,
23.247.212.246,853,
23.247.213.158,853,
146.19.14.123,853,
217.146.11.49,853,
70.34.203.179,853,
195.122.229.210,853,
45.90.31.69,853,
185.252.146.154,853,
114.115.132.189,853,
45.90.29.80,853,
5.253.36.222,853,
23.247.214.89,853,
23.247.214.241,853,
23.247.214.150,853,
136.244.79.94,853,
77.21.15.2,853,
45.90.28.228,853,
54.178.52.131,853,
103.79.79.106,853,
147.189.137.142,853,
37.221.196.72,853,
23.247.212.126,853,
45.90.31.220,853,
45.90.31.59,853,
93.175.206.75,853,
45.90.30.40,853,
194.0.194.9,853,
77.91.87.232,853,
103.178.153.50,853,
158.255.214.87,853,
51.77.212.99,853,
23.247.215.224,853,
89.58.18.85,853,
207.2.122.62,853,
82.76.162.62,853,
39.103.26.194,853,
23.247.213.240,853,
23.247.215.47,853,
62.84.96.67,853,
101.99.90.146,853,
48.218.200.203,853,
45.90.31.252,853,
209.15.117.51,853,
45.90.31.88,853,
45.90.30.140,853,
23.247.215.181,853,
114.215.178.189,853,
23.247.213.143,853,
185.194.217.87,853,
47.242.162.168,853,
47.115.38.242,853,
89.58.46.246,853,
178.255.155.63,853,
101.43.245.73,853,
45.66.131.197,853,
15.204.235.174,853,
23.247.212.180,853,
172.245.129.121,853,
64.246.228.101,853,
146.19.14.47,853,
23.247.214.178,853,
23.247.212.142,853,
185.18.148.91,853,
45.90.30.142,853,
45.90.31.74,853,
45.90.29.111,853,
212.44.107.17,853,
45.90.31.39,853,
185.113.29.181,853,
217.146.21.163,853,
146.19.14.60,853,
20.164.230.236,853,
95.179.217.24,853,
23.247.215.153,853,
147.189.143.140,853,
23.247.215.95,853,
45.90.29.79,853,
94.131.111.168,853,
23.247.213.165,853,
67.251.10.51,853,
146.19.14.151,853,
45.90.28.93,853,
23.247.213.21,853,
146.56.174.250,853,
45.90.28.109,853,
31.40.217.157,853,
57.128.196.160,853,
23.247.215.167,853,
45.32.165.110,853,
23.247.214.234,853,
219.251.58.80,853,
23.247.214.1,853,
80.180.27.207,853,
14.112.92.38,853,
103.251.112.63,853,
146.190.26.221,853,
23.247.215.27,853,
45.90.31.229,853,
212.113.102.225,853,
45.90.29.105,853,
192.223.24.238,853,
45.90.28.114,853,
23.247.215.205,853,
45.90.31.6,853,
119.139.1.185,853,
23.247.213.198,853,
103.193.147.157,853,
43.159.34.148,853,
45.90.29.39,853,
39.101.132.131,853,
146.19.14.184,853,
23.247.212.125,853,
1.64.253.63,853,
93.228.107.2,853,
45.90.29.221,853,
95.216.208.227,853,
23.247.212.135,853,
37.27.90.76,853,
45.90.31.42,853,
23.247.212.228,853,
23.247.213.63,853,
45.59.186.7,853,
23.247.214.130,853,
47.100.127.166,853,
157.90.123.214,853,
23.247.212.104,853,
23.247.212.63,853,
45.90.31.253,853,
77.223.128.218,853,
23.247.214.127,853,
45.90.28.40,853,
146.19.14.217,853,
79.116.159.57,853,
47.122.8.11,853,
220.133.126.27,853,
193.225.113.111,853,
45.90.30.74,853,
23.247.212.108,853,
23.247.212.84,853,
188.172.252.31,853,
139.162.8.64,853,
89.46.86.7,853,
108.61.210.25,853,
67.230.173.26,853,
80.53.173.107,853,
104.238.181.28,853,
45.90.31.53,853,
213.196.191.96,853,
146.19.14.243,853,
110.42.98.75,853,
45.90.31.193,853,
45.90.29.56,853,
51.159.177.1,853,
178.173.230.134,853,
23.247.215.77,853,
45.90.30.65,853,
103.143.33.253,853,
23.247.214.105,853,
82.180.145.196,853,
23.247.213.228,853,
45.90.29.112,853,
218.28.73.133,853,
178.255.155.13,853,
212.87.214.224,853,
185.47.221.200,853,
85.215.34.162,853,
23.247.215.67,853,
162.250.2.3,853,
125.229.175.195,853,
168.70.74.81,853,
103.208.86.63,853,
68.207.139.8,853,
119.91.79.88,853,
45.90.28.221,853,
88.151.194.140,853,
82.74.230.117,853,
217.146.8.49,853,
194.102.181.32,853,
23.247.214.246,853,
23.247.213.205,853,
103.4.235.188,853,
42.236.215.130,853,
23.247.215.35,853,
85.215.129.219,853,
209.209.57.165,853,
70.65.229.19,853,
42.193.221.7,853,
172.105.72.67,853,
23.247.215.220,853,
217.146.14.3,853,
146.19.14.35,853,
23.247.212.248,853,
123.60.46.210,853,
141.147.104.192,853,
23.247.214.139,853,
45.172.105.23,853,
116.227.152.12,853,
23.247.213.217,853,
106.52.85.114,853,
195.225.251.120,853,
45.90.30.89,853,
45.90.28.130,853,
74.48.72.134,853,
146.19.14.44,853,
45.90.29.118,853,
146.19.14.142,853,
123.52.0.29,853,
119.28.14.27,853,
108.61.173.154,853,
45.90.30.195,853,
45.90.28.121,853,
138.3.254.73,853,
23.247.213.43,853,
183.105.68.168,853,
172.233.152.147,853,
222.99.114.172,853,
103.247.28.141,853,
23.247.215.4,853,
45.90.28.180,853,
23.247.212.231,853,
131.186.16.82,853,
83.113.31.98,853,
23.247.213.88,853,
45.90.31.17,853,
45.90.31.7,853,
152.136.189.16,853,
8.219.65.91,853,
47.92.105.250,853,
45.90.30.210,853,
45.90.30.173,853,
185.128.149.15,853,
45.90.31.103,853,
81.39.158.17,853,
23.247.212.57,853,
146.19.14.198,853,
23.247.215.56,853,
109.134.45.165,853,
146.19.14.166,853,
69.153.11.41,853,
23.247.215.38,853,
23.247.213.187,853,
144.208.223.181,853,
92.253.115.182,853,
122.170.15.222,853,
45.90.31.55,853,
46.246.43.196,853,
154.90.44.84,853,
45.90.30.151,853,
45.90.31.243,853,
158.101.3.65,853,
195.246.110.61,853,
23.247.214.109,853,
5.44.47.29,853,
8.138.57.248,853,
152.67.11.139,853,
58.229.183.115,853,
23.247.213.93,853,
130.61.247.190,853,
192.144.32.59,853,
23.247.213.167,853,
195.123.241.12,853,
45.90.28.188,853,
23.247.215.251,853,
172.203.239.101,853,
82.124.215.32,853,
95.217.205.19,853,
23.247.214.171,853,
168.138.168.165,853,
213.212.231.100,853,
20.97.30.254,853,
132.226.19.204,853,
146.19.14.125,853,
80.118.243.81,853,
42.193.17.248,853,
23.247.213.249,853,
146.19.14.212,853,
45.14.107.45,853,
51.77.148.80,853,
23.247.214.34,853,
45.90.30.185,853,
45.90.31.182,853,
23.247.212.250,853,
24.19.134.86,853,
23.247.215.135,853,
45.90.30.58,853,
23.247.215.182,853,
51.79.146.162,853,
147.78.66.155,853,
103.140.244.67,853,
23.247.213.233,853,
39.103.26.197,853,
45.90.28.117,853,
15.204.86.13,853,
192.121.195.6,853,
23.247.213.206,853,
45.90.31.20,853,
45.90.31.195,853,
45.90.30.174,853,
182.40.70.12,853,
119.91.105.241,853,
194.163.189.230,853,
172.233.147.42,853,
146.19.14.62,853,
121.36.224.44,853,
45.80.209.144,853,
194.195.249.156,853,
57.129.15.119,853,
146.19.14.135,853,
23.247.215.175,853,
23.247.215.30,853,
103.232.214.86,853,
114.254.37.99,853,
103.171.116.200,853,
51.83.70.82,853,
23.247.213.19,853,
23.247.215.233,853,
39.103.26.200,853,
45.90.28.75,853,
125.229.223.152,853,
13.60.40.167,853,
172.93.186.163,853,
122.51.21.88,853,
104.244.209.134,853,
45.90.31.180,853,
101.43.107.50,853,
45.90.31.8,853,
62.72.44.87,853,
113.23.254.170,853,
74.118.138.167,853,
23.247.212.220,853,
144.22.204.130,853,
23.247.215.252,853,
208.113.132.223,853,
178.254.43.82,853,
146.19.14.15,853,
172.233.59.98,853,
23.247.212.64,853,
23.247.212.61,853,
99.121.62.248,853,
172.104.18.210,853,
76.76.10.22,853,
45.90.29.238,853,
23.247.214.117,853,
129.154.226.9,853,
122.178.191.70,853,
34.72.117.150,853,
107.173.30.195,853,
45.90.30.37,853,
23.247.212.81,853,
8.217.178.148,853,
45.90.29.6,853,
162.250.188.15,853,
51.254.88.96,853,
45.83.205.41,853,
20.215.241.72,853,
35.212.133.142,853,
45.90.30.123,853,
23.247.212.203,853,
5.42.82.234,853,
154.8.202.254,853,
45.90.31.184,853,
200.25.27.29,853,
65.108.106.236,853,
23.247.214.41,853,
45.90.29.183,853,
168.119.55.211,853,
49.12.223.2,853,
146.19.14.99,853,
23.247.214.4,853,
114.34.27.32,853,
45.90.30.164,853,
193.17.183.21,853,
45.90.28.11,853,
45.90.28.201,853,
185.25.217.163,853,
176.125.239.22,853,
45.90.30.97,853,
163.172.131.116,853,
146.19.14.190,853,
23.247.212.48,853,
45.90.29.180,853,
45.90.29.193,853,
45.90.28.186,853,
103.189.57.252,853,
45.90.28.39,853,
47.116.51.35,853,
23.247.214.216,853,
129.146.28.20,853,
84.247.181.95,853,
185.217.198.74,853,
23.247.215.91,853,
45.90.29.117,853,
23.247.215.199,853,
47.116.74.90,853,
23.247.214.211,853,
203.135.104.2,853,
23.247.214.37,853,
23.247.212.31,853,
23.247.212.40,853,
23.247.215.80,853,
45.90.31.207,853,
146.19.14.236,853,
45.90.30.48,853,
45.90.30.111,853,
92.243.64.136,853,
5.9.80.186,853,
15.235.167.146,853,
23.247.215.106,853,
195.244.44.44,853,
45.90.30.115,853,
159.69.177.21,853,
45.90.28.123,853,
45.90.31.142,853,
92.63.169.45,853,
212.220.15.222,853,
45.90.28.82,853,
129.150.33.200,853,
46.183.184.18,853,
3.1.127.249,853,
45.90.31.177,853,
45.90.29.8,853,
23.247.212.25,853,
45.90.29.3,853,
185.119.119.148,853,
45.90.31.82,853,
146.19.14.244,853,
23.247.212.102,853,
175.45.180.237,853,
45.90.30.57,853,
172.232.10.99,853,
23.247.214.76,853,
23.247.213.142,853,
23.247.213.118,853,
134.209.232.240,853,
172.232.185.183,853,
45.90.30.219,853,
23.247.215.7,853,
23.247.214.84,853,
23.247.215.173,853,
82.165.108.24,853,
45.90.28.171,853,
219.140.151.0,853,
23.247.214.240,853,
185.253.5.9,853,
45.90.30.211,853,
45.134.48.78,853,
23.247.213.44,853,
45.90.31.145,853,
172.86.65.4,853,
20.186.171.71,853,
45.90.29.38,853,
103.159.119.99,853,
45.90.29.24,853,
86.106.90.57,853,
23.247.214.235,853,
45.90.30.3,853,
146.19.14.87,853,
103.225.209.117,853,
23.95.48.122,853,
23.247.214.106,853,
23.247.212.44,853,
45.90.30.64,853,
194.164.171.98,853,
35.203.180.12,853,
23.247.212.224,853,
193.26.157.252,853,
168.119.10.59,853,
114.34.0.56,853,
23.247.212.17,853,
23.247.215.139,853,
175.178.25.141,853,
191.96.251.124,853,
174.136.200.200,853,
23.247.213.41,853,
46.246.120.93,853,
14.45.204.196,853,
106.54.24.217,853,
45.90.31.136,853,
103.150.93.205,853,
103.156.23.253,853,
23.247.213.244,853,
45.90.29.226,853,
103.20.223.153,853,
138.2.50.72,853,
141.148.244.164,853,
51.77.156.11,853,
104.244.73.178,853,
146.19.14.219,853,
23.247.213.23,853,
185.113.28.148,853,
168.138.192.191,853,
97.83.176.206,853,
23.247.215.108,853,
45.155.169.132,853,
202.181.148.229,853,
23.247.213.74,853,
23.247.215.92,853,
23.247.214.5,853,
23.247.215.245,853,
91.107.248.82,853,
109.205.183.11,853,
46.29.239.131,853,
45.90.29.167,853,
210.218.175.32,853,
64.33.134.244,853,
23.247.215.179,853,
144.24.101.145,853,
45.90.28.112,853,
45.90.30.86,853,
124.244.19.118,853,
23.247.212.214,853,
23.247.213.183,853,
23.247.212.117,853,
92.119.124.77,853,
45.90.29.1,853,
198.98.62.170,853,
141.145.202.135,853,
23.247.212.0,853,
185.142.121.13,853,
45.90.28.103,853,
23.247.212.165,853,
108.61.210.237,853,
45.90.29.96,853,
103.230.159.119,853,
23.247.213.138,853,
103.161.172.152,853,
45.90.29.46,853,
23.247.213.253,853,
23.247.214.39,853,
157.230.203.215,853,
45.90.29.103,853,
163.47.10.29,853,
91.192.102.204,853,
45.90.28.162,853,
23.247.213.126,853,
13.215.158.241,853,
146.190.56.36,853,
89.110.71.14,853,
47.116.52.212,853,
39.103.26.196,853,
223.6.6.6,853,
185.40.234.86,853,
45.90.30.204,853,
45.90.28.208,853,
45.90.31.56,853,
146.19.14.100,853,
146.56.55.76,853,
45.90.28.101,853,
23.247.212.97,853,
184.148.39.25,853,
91.106.191.90,853,
103.89.233.250,853,
123.132.204.47,853,
45.140.42.56,853,
45.90.29.81,853,
202.61.239.133,853,
47.242.85.248,853,
212.132.104.244,853,
213.239.202.218,853,
23.247.212.49,853,
144.22.209.188,853,
23.247.214.29,853,
77.72.225.248,853,
185.53.46.100,853,
146.190.170.58,853,
102.130.48.138,853,
94.177.8.82,853,
90.190.22.22,853,
45.136.155.42,853,
188.61.94.124,853,
23.247.215.196,853,
167.86.91.171,853,
23.247.213.144,853,
200.92.207.23,853,
45.90.31.28,853,
37.220.83.109,853,
217.146.10.59,853,
176.9.93.198,853,
45.90.30.184,853,
173.249.200.218,853,
65.109.200.232,853,
45.90.31.105,853,
77.239.236.137,853,
18.180.133.202,853,
85.215.39.92,853,
23.247.212.215,853,
23.247.215.41,853,
146.19.14.134,853,
146.19.14.141,853,
23.247.212.47,853,
23.247.215.127,853,
38.175.122.133,853,
103.1.213.21,853,
77.202.48.6,853,
110.155.133.106,853,
146.19.14.160,853,
51.68.124.184,853,
45.90.31.76,853,
193.32.150.169,853,
119.113.55.30,853,
46.151.25.36,853,
146.19.14.12,853,
23.247.215.151,853,
23.94.37.35,853,
146.19.14.121,853,
116.232.30.102,853,
103.127.135.223,853,
45.76.247.221,853,
45.90.29.94,853,
146.19.14.239,853,
131.186.17.90,853,
23.247.214.24,853,
45.33.100.49,853,
45.90.31.120,853,
23.247.213.171,853,
23.247.212.184,853,
23.247.212.6,853,
5.135.138.109,853,
45.90.30.25,853,
146.19.14.68,853,
147.45.103.170,853,
23.247.212.152,853,
45.90.30.198,853,
45.90.28.133,853,
213.183.59.39,853,
51.79.146.29,853,
194.59.28.86,853,
23.247.212.154,853,
45.90.31.114,853,
147.45.181.89,853,
45.90.29.4,853,
146.19.14.41,853,
23.247.215.227,853,
65.108.54.17,853,
185.113.29.254,853,
114.245.178.148,853,
43.133.149.211,853,
45.90.31.197,853,
104.156.229.117,853,
23.247.212.140,853,
45.90.28.51,853,
45.90.28.159,853,
45.90.29.5,853,
23.247.213.99,853,
45.90.30.62,853,
23.247.214.12,853,
120.76.103.143,853,
87.128.111.190,853,
47.115.175.1,853,
47.107.73.212,853,
45.90.30.202,853,
162.220.223.23,853,
80.67.0.45,853,
146.19.14.163,853,
176.124.219.43,853,
193.168.204.73,853,
47.122.8.6,853,
139.144.70.28,853,
23.247.212.251,853,
139.224.26.137,853,
23.247.212.77,853,
139.59.129.6,853,
141.145.205.237,853,
23.247.213.177,853,
92.49.123.188,853,
119.193.114.175,853,
113.142.83.131,853,
95.174.68.136,853,
146.19.14.108,853,
45.90.28.16,853,
94.136.2.7,853,
146.19.14.20,853,
23.247.214.169,853,
45.90.29.225,853,
117.165.177.228,853,
23.247.212.147,853,
62.171.146.26,853,
45.90.29.10,853,
185.95.58.125,853,
23.247.213.232,853,
45.90.29.129,853,
45.90.30.194,853,
45.90.28.254,853,
193.225.113.117,853,
51.83.134.179,853,
45.90.31.233,853,
192.3.153.226,853,
23.247.214.219,853,
47.238.224.246,853,
46.8.124.45,853,
45.90.29.123,853,
173.242.124.6,853,
23.247.212.36,853,
212.50.245.37,853,
146.19.14.58,853,
23.230.253.28,853,
23.247.214.207,853,
185.142.121.12,853,
45.90.30.103,853,
159.223.230.238,853,
146.19.14.235,853,
23.247.213.247,853,
80.67.0.206,853,
74.120.171.87,853,
45.90.29.245,853,
45.90.29.152,853,
45.90.31.47,853,
1.14.7.65,853,
45.90.31.70,853,
130.61.230.215,853,
138.2.89.126,853,
45.90.28.99,853,
146.19.14.119,853,
23.247.213.136,853,
45.90.31.24,853,
119.8.236.125,853,
45.90.30.212,853,
45.90.30.197,853,
24.188.14.27,853,
114.246.201.49,853,
141.147.45.136,853,
45.90.28.240,853,
146.19.14.201,853,
173.46.81.39,853,
146.19.14.131,853,
23.247.213.215,853,
45.90.28.7,853,
45.90.29.161,853,
23.247.214.53,853,
45.90.30.41,853,
23.247.212.186,853,
45.90.28.203,853,
37.230.137.146,853,
45.90.31.163,853,
45.90.30.88,853,
77.47.113.47,853,
71.184.224.34,853,
23.247.214.224,853,
159.75.140.72,853,
168.138.47.150,853,
37.114.40.239,853,
23.247.215.23,853,
23.247.214.15,853,
23.247.213.163,853,
45.90.29.15,853,
213.167.248.9,853,
23.247.213.87,853,
185.242.119.181,853,
45.90.29.248,853,
2.56.255.44,853,
45.90.31.22,853,
129.151.117.180,853,
146.19.14.61,853,
200.25.18.75,853,
47.116.21.50,853,
193.225.113.5,853,
146.19.14.71,853,
146.19.14.55,853,
188.212.114.160,853,
47.108.0.58,853,
71.251.9.24,853,
1.64.67.249,853,
23.247.213.36,853,
23.247.215.209,853,
23.247.212.43,853,
45.90.30.29,853,
23.247.215.2,853,
146.56.187.44,853,
45.90.31.226,853,
66.135.20.137,853,
23.247.215.74,853,
45.90.30.132,853,
103.215.229.146,853,
194.13.81.71,853,
23.247.214.141,853,
78.107.251.124,853,
209.141.32.235,853,
23.247.212.145,853,
94.103.94.186,853,
132.145.124.44,853,
213.109.204.121,853,
45.90.31.33,853,
119.252.86.27,853,
23.247.214.252,853,
45.90.29.52,853,
23.247.212.29,853,
23.247.215.44,853,
129.213.95.68,853,
185.113.28.58,853,
192.53.175.62,853,
45.90.30.100,853,
23.247.214.96,853,
45.90.29.149,853,
67.230.169.95,853,
152.70.102.182,853,
158.101.215.165,853,
45.90.31.60,853,
51.38.68.6,853,
4.234.186.227,853,
195.201.12.26,853,
45.90.30.167,853,
23.247.213.7,853,
45.90.28.14,853,
158.140.178.230,853,
23.247.213.235,853,
23.247.213.29,853,
23.247.214.167,853,
45.90.28.202,853,
148.135.114.183,853,
104.131.177.136,853,
37.252.224.3,853,
62.113.107.41,853,
23.247.215.208,853,
112.163.234.84,853,
84.86.147.48,853,
23.247.212.172,853,
152.53.13.49,853,
146.19.14.18,853,
85.215.53.142,853,
141.101.226.23,853,
202.131.84.11,853,
45.90.31.111,853,
148.163.220.16,853,
23.247.214.128,853,
198.98.53.216,853,
45.90.30.5,853,
121.134.148.141,853,
23.94.105.162,853,
8.137.20.7,853,
23.247.214.250,853,
45.90.31.244,853,
37.235.49.73,853,
92.141.179.120,853,
167.179.109.118,853,
45.90.29.164,853,
146.19.14.232,853,
45.90.29.78,853,
23.247.214.19,853,
23.247.212.73,853,
193.110.81.0,853,
152.70.91.69,853,
79.159.55.30,853,
144.24.90.84,853,
8.129.152.230,853,
200.110.104.251,853,
198.23.146.171,853,
45.90.31.217,853,
45.90.29.102,853,
65.52.147.220,853,
45.90.30.31,853,
77.91.103.45,853,
45.90.28.136,853,
131.150.189.155,853,
188.172.219.65,853,
82.65.211.7,853,
65.109.53.80,853,
146.19.14.149,853,
158.220.119.59,853,
45.90.31.154,853,
45.90.28.59,853,
135.181.153.140,853,
158.101.154.0,853,
206.237.5.198,853,
180.154.250.253,853,
45.90.31.9,853,
23.247.213.37,853,
23.247.215.110,853,
23.247.212.80,853,
194.233.173.6,853,
45.90.29.107,853,
104.244.74.63,853,
137.66.16.204,853,
185.103.100.99,853,
45.90.30.136,853,
23.247.213.254,853,
23.247.213.89,853,
47.242.93.7,853,
23.247.213.52,853,
45.225.111.10,853,
42.192.138.123,853,
23.247.215.146,853,
45.90.29.32,853,
78.46.59.109,853,
23.247.213.6,853,
23.247.213.169,853,
51.222.87.173,853,
13.229.3.8,853,
60.4.133.64,853,
183.206.224.118,853,
46.246.43.197,853,
23.247.212.171,853,
20.10.21.44,853,
139.162.145.152,853,
45.90.29.67,853,
103.75.101.5,853,
23.247.212.78,853,
23.247.215.177,853,
91.210.58.118,853,
37.252.238.25,853,
23.247.214.213,853,
23.247.213.86,853,
173.199.123.122,853,
45.90.30.55,853,
38.47.189.25,853,
23.247.214.36,853,
23.247.214.67,853,
23.247.214.87,853,
45.90.29.128,853,
23.247.215.247,853,
45.90.28.38,853,
78.138.34.130,853,
162.105.86.19,853,
200.25.45.97,853,
168.138.53.119,853,
170.39.227.247,853,
146.19.14.81,853,
45.90.31.166,853,
85.9.103.8,853,
103.119.2.224,853,
23.247.215.203,853,
23.247.215.24,853,
93.185.159.23,853,
23.247.214.79,853,
89.221.217.188,853,
45.90.31.87,853,
85.214.72.153,853,
146.19.14.186,853,
178.128.224.172,853,
45.90.31.133,853,
45.90.29.131,853,
45.90.28.29,853,
34.132.15.239,853,
78.32.255.98,853,
209.17.118.229,853,
38.175.114.133,853,
23.247.215.206,853,
45.90.31.127,853,
23.247.215.210,853,
23.247.215.250,853,
178.214.243.206,853,
45.90.28.220,853,
45.90.28.165,853,
23.247.213.182,853,
195.244.44.45,853,
176.9.1.117,853,
45.90.28.9,853,
176.10.125.47,853,
45.90.30.54,853,
129.151.112.143,853,
85.217.141.48,853,
42.51.21.57,853,
140.238.221.228,853,
94.140.14.59,853,
45.90.31.108,853,
185.113.28.28,853,
176.150.56.227,853,
23.247.212.143,853,
42.114.169.24,853,
45.90.31.236,853,
111.231.16.23,853,
45.90.28.218,853,
131.186.19.137,853,
185.222.217.71,853,
24.183.146.246,853,
43.159.33.190,853,
23.247.213.98,853,
45.90.28.247,853,
45.90.28.107,853,
45.90.29.61,853,
45.90.30.78,853,
158.101.100.11,853,
87.251.77.154,853,
185.222.153.70,853,
45.90.30.227,853,
193.70.85.11,853,
24.192.138.148,853,
45.90.29.244,853,
39.103.26.208,853,
23.247.213.113,853,
23.247.213.103,853,
188.89.89.45,853,
146.19.14.136,853,
45.90.31.35,853,
23.247.215.180,853,
38.175.121.133,853,
119.28.78.75,853,
154.9.233.207,853,
146.19.14.98,853,
23.247.212.82,853,
15.235.166.111,853,
45.90.29.109,853,
45.90.29.237,853,
45.90.28.89,853,
170.205.38.235,853,
123.60.185.128,853,
219.73.80.188,853,
23.247.214.133,853,
45.90.28.18,853,
109.107.190.53,853,
45.90.28.106,853,
52.74.155.84,853,
23.166.168.244,853,
129.80.39.60,853,
45.90.28.95,853,
103.218.240.77,853,
45.90.30.247,853,
103.143.248.195,853,
13.127.101.235,853,
51.79.160.79,853,
45.90.31.66,853,
152.67.64.243,853,
45.90.31.230,853,
23.247.213.31,853,
47.103.67.122,853,
23.247.213.166,853,
23.247.212.116,853,
45.90.31.204,853,
45.90.30.220,853,
45.90.28.144,853,
45.79.13.17,853,
23.247.213.176,853,
45.90.29.188,853,
146.19.9.102,853,
103.205.220.12,853,
8.134.8.30,853,
82.67.9.182,853,
57.129.32.80,853,
23.247.214.64,853,
178.251.10.233,853,
80.211.133.9,853,
146.19.14.116,853,
45.90.28.83,853,
45.90.29.26,853,
51.89.26.38,853,
170.39.225.135,853,
45.90.31.34,853,
106.75.145.41,853,
124.71.11.85,853,
159.69.200.119,853,
146.19.14.147,853,
23.247.215.75,853,
23.247.215.124,853,
154.12.177.26,853,
123.113.243.71,853,
45.90.30.152,853,
45.90.29.92,853,
45.142.244.191,853,
23.247.214.173,853,
46.250.237.217,853,
23.247.213.112,853,
45.90.31.80,853,
23.247.215.53,853,
45.90.31.118,853,
144.22.37.121,853,
45.90.28.78,853,
45.90.28.217,853,
49.13.127.126,853,
45.90.30.107,853,
45.90.29.101,853,
47.108.238.37,853,
42.193.160.144,853,
146.19.100.94,853,
38.102.84.32,853,
188.172.217.27,853,
23.247.215.242,853,
209.209.8.112,853,
45.90.29.154,853,
101.43.116.205,853,
23.247.215.33,853,
45.90.28.216,853,
217.146.22.163,853,
23.247.212.221,853,
103.157.116.25,853,
84.245.224.82,853,
5.183.171.168,853,
62.72.11.195,853,
45.90.28.246,853,
38.54.114.111,853,
45.90.31.164,853,
149.40.1.166,853,
94.177.164.196,853,
23.247.212.187,853,
213.227.173.235,853,
123.151.107.4,853,
128.199.159.223,853,
23.247.214.202,853,
23.247.213.109,853,
23.247.215.6,853,
146.19.14.120,853,
84.245.224.84,853,
185.143.101.225,853,
63.32.212.172,853,
83.138.55.179,853,
23.247.212.241,853,
204.216.143.94,853,
115.68.248.239,853,
171.212.62.167,853,
138.3.221.196,853,
123.14.226.115,853,
45.90.29.98,853,
45.90.31.218,853,
23.247.215.239,853,
23.247.213.156,853,
23.247.212.14,853,
45.90.30.221,853,
113.171.255.73,853,
200.25.32.197,853,
79.240.68.201,853,
84.185.2.249,853,
45.90.29.201,853,
195.231.68.31,853,
45.90.28.62,853,
172.232.249.71,853,
103.79.143.222,853,
103.161.173.150,853,
217.146.2.63,853,
151.80.145.143,853,
45.90.31.116,853,
146.19.14.226,853,
46.188.80.171,853,
123.184.198.21,853,
217.84.153.105,853,
45.90.30.116,853,
23.247.213.82,853,
47.242.158.153,853,
109.230.228.190,853,
45.90.30.239,853,
130.61.58.64,853,
45.90.28.135,853,
23.247.214.248,853,
23.247.212.183,853,
154.223.20.232,853,
13.212.255.168,853,
45.90.30.45,853,
45.90.30.23,853,
23.247.212.90,853,
23.95.48.61,853,
135.181.196.155,853,
140.238.16.44,853,
45.90.29.229,853,
137.66.51.72,853,
91.142.75.253,853,
23.247.212.123,853,
142.171.255.241,853,
203.204.101.239,853,
200.92.207.25,853,
128.140.15.70,853,
185.143.101.135,853,
193.225.113.112,853,
51.178.89.24,853,
38.13.122.236,853,
89.161.17.32,853,
146.19.14.153,853,
64.23.186.255,853,
23.247.215.37,853,
101.132.226.222,853,
45.90.30.39,853,
45.90.30.231,853,
119.45.206.29,853,
107.148.205.59,853,
23.247.212.4,853,
23.247.213.147,853,
152.32.254.106,853,
45.90.29.138,853,
23.247.215.234,853,
45.90.31.58,853,
45.90.31.41,853,
82.65.64.227,853,
23.247.212.75,853,
146.19.14.113,853,
23.247.213.250,853,
65.108.52.121,853,
51.210.13.72,853,
23.247.213.64,853,
108.175.15.215,853,
45.79.196.126,853,
131.221.65.5,853,
106.53.96.111,853,
103.186.64.41,853,
85.201.12.100,853,
178.253.53.185,853,
50.116.40.243,853,
136.32.181.88,853,
23.247.215.54,853,
195.133.147.232,853,
23.247.213.106,853,
65.21.34.54,853,
207.246.122.17,853,
45.90.30.20,853,
45.90.29.33,853,
94.250.203.49,853,
23.247.214.121,853,
45.90.28.48,853,
220.84.185.202,853,
103.75.96.59,853,
38.242.234.136,853,
47.108.215.101,853,
23.247.213.123,853,
45.90.28.91,853,
147.139.210.85,853,
146.19.14.95,853,
45.90.28.131,853,
23.247.212.26,853,
174.136.200.201,853,
86.38.200.100,853,
170.39.224.134,853,
168.138.78.164,853,
47.108.0.57,853,
142.171.21.187,853,
208.68.37.93,853,
193.225.113.17,853,
23.247.213.81,853,
182.141.44.173,853,
164.90.207.7,853,
140.238.175.157,853,
37.218.245.244,853,
193.123.102.199,853,
112.118.142.172,853,
94.130.34.143,853,
91.239.100.100,853,
85.239.234.164,853,
140.82.6.251,853,
85.144.19.86,853,
23.247.214.221,853,
140.238.35.161,853,
162.14.132.77,853,
134.65.255.206,853,
192.3.59.136,853,
143.47.57.109,853,
45.90.29.150,853,
146.19.14.26,853,
23.247.215.133,853,
23.247.214.35,853,
82.68.2.6,853,
93.95.225.241,853,
162.220.222.155,853,
193.123.224.223,853,
45.90.30.60,853,
198.58.127.42,853,
154.38.167.39,853,
199.247.26.160,853,
45.90.29.28,853,
45.90.28.179,853,
38.175.116.128,853,
103.136.185.116,853,
89.110.79.26,853,
103.102.44.211,853,
23.247.214.32,853,
146.19.14.107,853,
45.90.31.188,853,
45.90.30.33,853,
23.247.212.1,853,
188.172.213.149,853,
45.90.29.156,853,
45.90.29.155,853,
45.90.30.133,853,
140.82.30.157,853,
27.25.140.24,853,
59.171.248.11,853,
147.135.115.143,853,
58.123.36.162,853,
152.67.70.174,853,
45.91.248.165,853,
23.247.213.33,853,
192.210.140.62,853,
213.109.163.11,853,
23.247.214.225,853,
139.84.177.246,853,
130.162.222.102,853,
120.55.203.59,853,
107.172.216.93,853,
217.61.98.63,853,
23.247.212.230,853,
23.247.213.68,853,
23.247.214.220,853,
188.172.221.9,853,
27.74.162.237,853,
23.247.213.252,853,
205.185.114.141,853,
45.90.29.247,853,
106.75.177.150,853,
45.90.30.75,853,
23.247.212.157,853,
23.247.213.16,853,
66.118.230.158,853,
45.90.30.117,853,
23.247.214.197,853,
45.90.30.108,853,
45.90.28.57,853,
45.90.31.4,853,
141.144.224.84,853,
120.0.27.113,853,
172.105.106.160,853,
45.90.30.143,853,
23.247.213.78,853,
8.134.141.108,853,
155.248.192.70,853,
39.103.26.206,853,
23.247.213.110,853,
193.225.113.122,853,
45.90.28.31,853,
43.143.206.196,853,
141.147.49.100,853,
23.247.214.62,853,
78.10.123.5,853,
138.2.70.119,853,
220.135.31.117,853,
86.144.55.199,853,
95.30.250.89,853,
194.87.199.152,853,
23.247.213.237,853,
146.59.154.107,853,
45.90.29.194,853,
113.188.51.142,853,
159.112.138.244,853,
146.19.14.152,853,
159.75.96.245,853,
23.247.212.206,853,
106.55.229.10,853,
45.90.30.92,853,
106.55.142.145,853,
45.90.28.141,853,
62.143.78.117,853,
45.90.28.170,853,
82.67.87.77,853,
104.234.61.177,853,
87.121.117.125,853,
130.225.244.166,853,
45.90.31.79,853,
23.247.213.148,853,
180.177.57.209,853,
37.252.245.241,853,
45.90.28.210,853,
146.19.14.38,853,
146.19.14.156,853,
81.68.249.212,853,
195.90.217.156,853,
45.33.27.7,853,
20.2.89.117,853,
135.148.148.66,853,
45.90.30.182,853,
143.89.145.117,853,
45.90.30.53,853,
38.60.253.211,853,
193.110.81.9,853,
93.189.61.195,853,
146.19.14.148,853,
45.90.29.143,853,
45.90.28.200,853,
166.70.240.15,853,
119.45.6.10,853,
80.211.207.115,853,
51.178.141.1,853,
146.190.238.192,853,
45.90.28.225,853,
116.15.121.4,853,
45.90.29.160,853,
13.125.207.178,853,
23.247.214.70,853,
146.19.14.206,853,
45.90.31.221,853,
124.223.90.176,853,
194.135.82.74,853,
23.247.212.243,853,
46.243.231.31,853,
45.90.28.142,853,
194.68.44.243,853,
38.242.202.161,853,
23.247.213.221,853,
185.155.96.219,853,
45.90.28.181,853,
94.140.14.15,853,
23.247.212.153,853,
23.247.214.104,853,
45.90.28.60,853,
146.19.14.247,853,
23.247.214.227,853,
45.90.29.11,853,
195.69.76.90,853,
174.138.29.175,853,
80.67.0.205,853,
167.234.225.185,853,
146.19.14.231,853,
146.56.54.211,853,
103.6.86.28,853,
146.19.14.252,853,
23.247.212.131,853,
103.179.44.64,853,
23.247.214.61,853,
46.246.43.204,853,
23.247.215.22,853,
116.202.114.41,853,
206.189.19.5,853,
103.189.111.251,853,
23.247.214.145,853,
23.247.215.90,853,
45.90.28.132,853,
45.90.31.176,853,
45.90.29.83,853,
23.247.212.55,853,
89.163.155.202,853,
57.128.164.100,853,
83.215.122.92,853,
158.101.91.60,853,
45.90.28.163,853,
58.35.117.128,853,
213.183.62.11,853,
65.108.250.115,853,
45.90.29.19,853,
130.162.39.75,853,
212.132.120.233,853,
125.212.231.194,853,
140.238.167.249,853,
45.90.29.148,853,
34.163.63.37,853,
23.247.212.113,853,
70.190.73.94,853,
45.90.31.240,853,
45.90.31.71,853,
45.90.29.41,853,
151.252.59.230,853,
45.90.28.167,853,
34.247.163.21,853,
23.247.212.252,853,
23.247.212.27,853,
45.90.29.200,853,
27.71.64.106,853,
23.247.213.96,853,
217.156.77.15,853,
146.19.14.112,853,
45.90.30.148,853,
51.255.71.11,853,
216.238.99.162,853,
23.247.212.191,853,
103.20.184.170,853,
188.166.122.155,853,
45.90.30.188,853,
193.225.113.110,853,
103.216.113.181,853,
152.67.112.57,853,
23.247.212.112,853,
47.248.193.69,853,
139.162.109.244,853,
124.222.71.74,853,
95.179.134.211,853,
146.19.14.14,853,
23.247.212.209,853,
213.119.50.73,853,
45.90.29.86,853,
143.47.49.226,853,
121.137.198.5,853,
110.155.135.36,853,
8.130.25.252,853,
140.238.255.185,853,
158.178.231.110,853,
45.90.31.29,853,
213.212.231.101,853,
146.19.14.66,853,
141.98.196.129,853,
152.53.33.43,853,
45.90.28.223,853,
23.247.212.13,853,
23.247.214.226,853,
23.247.212.21,853,
85.208.104.105,853,
140.238.58.71,853,
95.216.157.106,853,
45.114.118.156,853,
43.129.10.247,853,
45.90.29.122,853,
144.48.80.169,853,
51.195.100.252,853,
62.195.14.120,853,
45.90.28.194,853,
45.90.31.150,853,
103.89.13.28,853,
45.90.28.21,853,
5.183.131.128,853,
23.247.212.120,853,
178.170.9.208,853,
23.247.212.133,853,
45.90.28.211,853,
146.19.14.45,853,
23.247.213.180,853,
217.146.21.59,853,
23.247.212.32,853,
146.19.14.157,853,
45.90.30.250,853,
118.37.179.243,853,
5.35.82.176,853,
89.208.246.230,853,
47.238.5.196,853,
217.72.202.189,853,
185.244.195.227,853,
23.247.212.235,853,
23.247.213.161,853,
34.70.95.112,853,
27.197.144.211,853,
23.247.214.65,853,
103.153.42.200,853,
120.24.213.35,853,
45.90.31.151,853,
165.1.72.1,853,
51.195.103.228,853,
144.202.76.165,853,
23.247.213.117,853,
185.239.70.66,853,
195.123.211.96,853,
23.247.214.115,853,
23.247.212.20,853,
23.247.214.86,853,
23.247.213.245,853,
103.193.147.147,853,
45.90.31.61,853,
85.31.238.114,853,
185.17.3.188,853,
45.90.30.165,853,
45.90.30.230,853,
89.117.51.159,853,
142.171.204.73,853,
23.247.215.40,853,
23.247.215.221,853,
82.45.187.240,853,
45.90.31.51,853,
45.90.29.77,853,
45.90.31.25,853,
23.247.215.52,853,
8.222.148.180,853,
23.247.212.136,853,
45.90.30.10,853,
124.223.1.138,853,
23.247.213.121,853,
23.247.215.155,853,
8.129.152.236,853,
141.147.93.110,853,
204.216.222.164,853,
23.247.213.227,853,
217.30.10.220,853,
139.28.220.207,853,
64.176.188.144,853,
23.247.213.58,853,
45.90.28.10,853,
91.142.143.3,853,
172.235.174.176,853,
45.90.30.240,853,
146.19.14.222,853,
65.128.218.144,853,
82.64.75.131,853,
158.101.181.4,853,
20.188.63.149,853,
23.247.214.116,853,
14.198.1.75,853,
34.105.126.27,853,
146.56.165.178,853,
217.144.98.116,853,
45.90.30.122,853,
45.90.31.167,853,
45.90.29.158,853,
23.247.212.33,853,
23.247.214.164,853,
146.19.14.143,853,
146.19.14.203,853,
23.247.215.158,853,
23.247.212.194,853,
106.75.224.10,853,
194.29.101.140,853,
45.90.30.7,853,
23.247.215.29,853,
8.222.132.61,853,
45.90.29.232,853,
193.123.255.236,853,
123.112.19.183,853,
101.200.145.185,853,
45.90.28.243,853,
103.161.184.123,853,
185.165.117.79,853,
13.233.84.128,853,
23.247.215.76,853,
77.221.154.110,853,
23.247.213.120,853,
52.79.70.53,853,
88.147.190.111,853,
15.235.140.85,853,
74.50.98.131,853,
45.90.31.131,853,
94.140.14.14,853,
23.247.212.207,853,
49.13.150.78,853,
82.146.59.5,853,
23.247.215.197,853,
23.247.214.73,853,
5.188.181.203,853,
140.238.13.254,853,
45.90.29.170,853,
45.90.31.158,853,
24.134.68.1,853,
122.97.102.233,853,
18.182.5.122,853,
94.103.82.91,853,
85.190.230.43,853,
23.247.213.80,853,
47.109.89.63,853,
162.218.114.81,853,
47.94.252.162,853,
27.0.234.220,853,
23.247.212.96,853,
45.90.31.171,853,
13.213.228.109,853,
45.90.28.184,853,
146.19.14.86,853,
146.19.14.97,853,
103.149.27.60,853,
23.247.215.102,853,
23.247.215.223,853,
130.61.127.164,853,
146.19.14.159,853,
45.79.35.159,853,
23.247.215.138,853,
45.90.31.43,853,
103.150.187.108,853,
23.247.215.186,853,
23.247.212.181,853,
45.90.31.155,853,
23.247.214.14,853,
152.69.208.13,853,
174.170.56.35,853,
23.247.215.109,853,
89.35.237.173,853,
146.19.14.88,853,
45.90.31.152,853,
5.189.222.24,853,
38.54.59.23,853,
23.247.215.147,853,
45.90.30.105,853,
45.155.170.140,853,
45.90.31.18,853,
71.182.201.58,853,
23.247.215.115,853,
146.19.14.204,853,
45.78.28.208,853,
45.90.29.140,853,
45.90.30.147,853,
91.149.219.120,853,
185.10.17.92,853,
23.247.212.188,853,
45.90.31.157,853,
45.90.29.104,853,
146.19.14.51,853,
119.91.193.243,853,
37.221.196.141,853,
123.241.53.246,853,
45.13.38.4,853,
140.83.82.66,853,
51.83.187.4,853,
146.19.14.181,853,
23.247.214.147,853,
52.28.64.152,853,
23.247.212.101,853,
37.221.192.214,853,
45.90.29.47,853,
23.247.213.34,853,
194.156.155.239,853,
23.247.214.183,853,
45.90.28.187,853,
193.225.113.123,853,
146.19.14.174,853,
182.92.197.163,853,
146.19.14.205,853,
176.165.111.253,853,
185.140.12.250,853,
45.90.30.84,853,
45.90.29.243,853,
103.123.108.187,853,
128.140.51.147,853,
154.90.37.223,853,
45.90.29.25,853,
37.27.23.140,853,
103.153.42.199,853,
45.90.30.61,853,
45.90.30.192,853,
146.19.14.96,853,
217.146.4.163,853,
45.78.25.248,853,
23.247.213.1,853,
45.90.31.124,853,
45.90.28.17,853,
23.247.213.214,853,
121.36.196.189,853,
74.208.31.168,853,
146.19.14.106,853,
45.90.30.224,853,
45.90.29.21,853,
111.229.178.206,853,
50.116.21.40,853,
23.247.214.215,853,
45.90.29.36,853,
23.247.213.62,853,
23.106.128.28,853,
51.15.242.195,853,
45.90.28.124,853,
45.90.31.134,853,
118.24.37.31,853,
45.90.29.162,853,
45.90.28.19,853,
146.19.14.172,853,
129.159.138.197,853,
45.90.29.202,853,
45.90.28.23,853,
86.205.229.198,853,
23.247.212.150,853,
38.175.123.217,853,
80.78.241.143,853,
23.247.215.107,853,
188.172.192.71,853,
107.172.32.180,853,
23.247.215.159,853,
118.25.138.232,853,
109.90.156.98,853,
114.32.254.189,853,
146.19.14.64,853,
80.85.241.232,853,
146.19.14.76,853,
45.90.30.160,853,
23.247.214.50,853,
45.32.219.28,853,
194.116.172.10,853,
80.39.236.76,853,
198.251.81.123,853,
23.247.214.174,853,
23.247.212.151,853,
45.90.30.83,853,
5.250.177.11,853,
23.247.213.196,853,
23.247.213.140,853,
23.247.214.83,853,
171.250.96.164,853,
23.247.213.139,853,
185.165.116.251,853,
211.22.209.113,853,
45.90.29.97,853,
45.90.30.56,853,
80.209.225.132,853,
146.56.49.98,853,
172.105.13.14,853,
150.107.201.231,853,
132.226.235.236,853,
180.159.108.108,853,
185.253.5.1,853,
146.19.14.240,853,
113.240.88.171,853,
82.156.156.78,853,
35.215.48.207,853,
193.138.81.80,853,
85.215.222.8,853,
23.247.214.238,853,
34.87.182.35,853,
91.107.205.218,853,
146.19.14.13,853,
45.90.29.235,853,
18.138.196.2,853,
178.201.182.244,853,
23.247.215.207,853,
130.226.161.34,853,
45.90.28.249,853,
23.247.214.231,853,
146.19.14.102,853,
103.119.110.201,853,
45.90.28.152,853,
23.247.212.8,853,
38.175.119.129,853,
45.90.28.229,853,
146.19.14.28,853,
45.90.29.249,853,
45.90.28.76,853,
213.226.71.175,853,
45.90.30.94,853,
45.90.29.48,853,
129.151.215.3,853,
120.55.203.37,853,
130.61.92.162,853,
84.2.30.241,853,
172.104.180.79,853,
23.247.214.30,853,
23.247.213.195,853,
103.70.12.63,853,
45.90.28.213,853,
45.90.28.41,853,
45.90.31.121,853,
146.19.14.140,853,
106.52.32.214,853,
191.101.233.12,853,
58.123.201.90,853,
183.236.105.221,853,
23.247.215.249,853,
23.247.213.239,853,
23.247.213.124,853,
45.90.30.251,853,
23.247.215.144,853,
47.185.246.56,853,
45.90.30.49,853,
94.211.249.54,853,
144.22.212.131,853,
45.90.31.211,853,
168.138.227.22,853,
45.90.29.73,853,
192.227.167.187,853,
178.157.58.62,853,
131.100.0.5,853,
185.113.28.38,853,
45.78.33.242,853,
45.90.28.235,853,
23.247.214.163,853,
47.123.5.78,853,
45.90.29.153,853,
146.19.14.233,853,
103.29.215.215,853,
1.15.71.72,853,
116.196.113.125,853,
47.253.24.2,853,
209.38.240.66,853,
67.207.69.78,853,
23.247.213.73,853,
23.247.215.228,853,
94.177.8.14,853,
45.90.30.243,853,
23.247.214.132,853,
185.113.28.158,853,
146.19.14.90,853,
129.159.143.68,853,
36.226.14.124,853,
23.247.213.132,853,
200.25.57.69,853,
62.100.206.205,853,
193.109.69.199,853,
106.75.226.14,853,
37.252.249.233,853,
129.150.59.103,853,
45.90.29.141,853,
111.173.114.53,853,
146.19.14.196,853,
85.149.95.2,853,
150.158.17.128,853,
45.90.31.140,853,
23.247.213.137,853,
23.247.215.154,853,
45.90.30.43,853,
41.223.53.120,853,
34.150.49.110,853,
106.52.232.85,853,
45.90.29.146,853,
23.247.213.200,853,
42.118.89.91,853,
47.129.16.88,853,
23.247.212.201,853,
202.61.240.61,853,
45.90.31.242,853,
180.184.197.70,853,
193.242.145.128,853,
46.188.16.60,853,
91.107.207.162,853,
45.90.28.129,853,
45.90.30.98,853,
45.90.29.43,853,
47.116.175.59,853,
23.247.212.9,853,
23.247.214.199,853,
4.255.16.78,853,
45.90.31.0,853,
129.150.51.14,853,
77.91.70.231,853,
93.161.28.90,853,
23.247.213.238,853,
188.172.251.1,853,
154.9.250.152,853,
185.94.167.62,853,
47.122.8.29,853,
23.247.213.141,853,
45.90.31.90,853,
193.225.113.126,853,
45.90.31.72,853,
23.247.213.210,853,
122.166.45.30,853,
23.247.215.62,853,
20.219.170.173,853,
45.90.29.233,853,
80.251.218.208,853,
38.242.241.48,853,
45.90.29.182,853,
39.103.26.204,853,
182.137.46.57,853,
5.188.108.97,853,
23.247.215.184,853,
154.64.249.124,853,
45.90.30.162,853,
64.187.227.105,853,
139.162.176.154,853,
37.114.40.144,853,
104.128.60.132,853,
23.247.214.71,853,
37.205.72.23,853,
146.19.14.117,853,
175.178.227.28,853,
23.247.212.83,853,
176.58.82.27,853,
45.90.29.29,853,
45.129.2.97,853,
23.247.212.148,853,
108.61.148.185,853,
45.90.28.56,853,
45.90.29.240,853,
46.243.229.229,853,
109.205.169.226,853,
23.247.214.204,853,
144.202.60.17,853,
45.90.28.222,853,
23.247.213.46,853,
45.90.29.178,853,
23.247.213.179,853,
5.12.42.226,853,
109.120.156.210,853,
5.78.78.165,853,
23.247.214.161,853,
101.42.46.44,853,
132.226.22.122,853,
23.247.212.93,853,
141.94.205.175,853,
23.247.213.75,853,
45.90.29.168,853,
23.27.101.48,853,
96.9.211.156,853,
23.247.215.169,853,
88.214.20.214,853,
139.129.137.129,853,
149.129.115.43,853,
5.9.193.168,853,
23.247.212.195,853,
23.247.213.125,853,
45.90.28.214,853,
76.76.2.11,853,
45.90.30.128,853,
23.247.214.244,853,
23.247.214.91,853,
83.147.241.81,853,
23.247.215.121,853,
23.247.212.170,853,
23.247.215.86,853,
124.221.101.166,853,
149.28.148.222,853,
165.232.72.59,853,
146.19.14.78,853,
45.90.28.158,853,
45.90.30.252,853,
5.78.55.67,853,
103.82.22.112,853,
185.142.121.11,853,
38.83.113.96,853,
45.90.29.13,853,
45.90.28.54,853,
23.247.213.90,853,
45.90.30.172,853,
23.247.214.170,853,
23.247.215.36,853,
146.19.14.242,853,
45.90.30.193,853,
168.138.220.48,853,
45.90.29.58,853,
131.186.26.64,853,
94.237.112.248,853,
157.90.223.212,853,
144.91.77.221,853,
45.90.30.145,853,
82.165.167.96,853,
45.90.28.45,853,
95.217.163.47,853,
146.19.14.171,853,
116.202.15.216,853,
47.225.105.153,853,
23.247.212.118,853,
23.247.214.160,853,
185.182.186.170,853,
45.90.30.225,853,
119.28.26.24,853,
193.187.173.138,853,
5.161.222.206,853,
146.19.14.11,853,
139.162.79.77,853,
45.90.29.176,853,
83.83.118.35,853,
23.247.213.219,853,
144.76.211.5,853,
45.90.29.72,853,
91.218.229.99,853,
5.42.84.243,853,
23.247.215.211,853,
45.90.28.207,853,
45.90.28.154,853,
42.63.27.192,853,
129.151.116.79,853,
45.90.31.251,853,
45.90.30.59,853,
45.90.31.86,853,
162.250.7.137,853,
45.90.29.14,853,
45.90.28.77,853,
45.90.31.97,853,
46.246.43.205,853,
45.90.29.224,853,
23.247.214.95,853,
121.101.132.237,853,
172.233.65.40,853,
59.188.158.54,853,
45.90.28.105,853,
45.90.29.136,853,
45.90.28.69,853,
23.247.215.166,853,
103.170.232.254,853,
23.247.212.178,853,
150.136.40.101,853,
23.247.213.27,853,
130.61.51.39,853,
47.238.209.239,853,
64.227.24.3,853,
193.225.113.26,853,
77.235.41.17,853,
77.102.216.156,853,
47.111.156.3,853,
141.147.24.100,853,
23.247.212.105,853,
45.90.30.161,853,
45.90.29.125,853,
45.90.29.31,853,
23.247.212.229,853,
123.52.0.22,853,
192.71.244.126,853,
146.19.14.161,853,
85.215.66.120,853,
45.90.29.207,853,
39.155.199.52,853,
45.90.28.86,853,
23.247.213.76,853,
104.131.67.249,853,
173.199.90.64,853,
103.207.69.44,853,
45.90.29.203,853,
155.248.205.36,853,
143.198.172.202,853,
8.218.62.137,853,
146.19.14.254,853,
23.247.212.130,853,
144.24.143.240,853,
45.90.30.186,853,
146.19.14.167,853,
185.173.227.140,853,
23.247.212.141,853,
5.75.162.240,853,
165.227.255.147,853,
129.213.59.9,853,
110.41.69.9,853,
193.56.8.166,853,
45.90.31.109,853,
139.99.136.222,853,
45.90.29.70,853,
45.90.31.128,853,
45.90.30.237,853,
46.29.138.78,853,
150.136.138.221,853,
146.19.14.37,853,
146.19.14.192,853,
45.90.31.160,853,
148.135.51.58,853,
146.19.14.164,853,
139.129.137.130,853,
45.90.30.199,853,
45.90.28.122,853,
103.127.124.46,853,
193.7.200.123,853,
23.247.213.18,853,
92.246.137.18,853,
146.19.14.146,853,
158.101.39.255,853,
62.169.23.25,853,
45.90.29.216,853,
107.172.79.143,853,
192.243.121.160,853,
200.25.22.68,853,
45.90.31.174,853,
172.232.29.43,853,
95.216.204.150,853,
139.155.237.72,853,
45.90.31.27,853,
45.131.65.235,853,
93.214.230.161,853,
77.223.128.222,853,
47.108.71.47,853,
152.53.0.129,853,
23.247.215.213,853,
185.125.200.35,853,
23.247.214.25,853,
8.129.152.234,853,
23.247.214.110,853,
188.172.254.163,853,
114.132.90.41,853,
23.247.212.85,853,
118.25.105.197,853,
45.90.31.31,853,
45.90.30.177,853,
47.100.65.52,853,
212.227.183.147,853,
146.19.14.3,853,
213.226.127.98,853,
45.90.28.215,853,
45.90.31.198,853,
185.200.46.37,853,
45.90.31.30,853,
45.90.29.44,853,
173.230.135.137,853,
146.19.14.221,853,
45.90.28.231,853,
192.3.85.97,853,
146.19.14.144,853,
45.90.29.55,853,
23.247.212.185,853,
45.90.30.87,853,
82.115.4.145,853,
146.19.14.249,853,
146.4.119.183,853,
117.50.163.175,853,
5.42.75.67,853,
45.90.28.67,853,
146.59.233.134,853,
23.247.212.218,853,
45.90.29.208,853,
23.247.214.100,853,
146.19.14.69,853,
64.110.96.139,853,
23.247.214.233,853,
37.27.180.120,853,
94.16.114.37,853,
117.55.16.3,853,
134.255.216.158,853,
176.58.117.143,853,
50.116.15.225,853,
18.200.70.220,853,
198.12.108.67,853,
194.102.181.69,853,
23.247.212.72,853,
218.78.2.183,853,
2.220.34.233,853,
146.19.14.5,853,
5.181.77.52,853,
45.140.193.22,853,
23.247.212.37,853,
45.90.30.124,853,
180.190.186.170,853,
194.233.169.170,853,
116.203.249.172,853,
45.90.28.166,853,
152.67.78.105,853,
45.90.30.190,853,
23.247.213.15,853,
84.247.174.231,853,
88.99.121.73,853,
23.247.212.222,853,
45.90.28.197,853,
37.252.247.133,853,
23.247.215.216,853,
45.90.30.130,853,
146.19.14.84,853,
45.90.29.220,853,
45.90.30.156,853,
220.135.88.227,853,
194.127.192.231,853,
23.247.213.54,853,
24.91.178.96,853,
223.72.16.224,853,
80.108.233.198,853,
23.247.214.172,853,
23.247.212.234,853,
45.90.28.169,853,
45.90.31.32,853,
38.47.97.233,853,
85.215.64.166,853,
45.90.30.206,853,
85.215.56.46,853,
162.19.65.184,853,
146.19.14.173,853,
107.189.4.100,853,
23.247.215.187,853,
175.178.172.69,853,
51.222.142.14,853,
213.227.181.51,853,
23.247.214.208,853,
45.90.28.116,853,
222.112.59.117,853,
164.92.160.46,853,
23.247.215.200,853,
140.82.35.57,853,
23.247.215.191,853,
83.38.159.210,853,
123.151.107.3,853,
23.247.214.239,853,
15.207.65.200,853,
23.247.213.100,853,
23.247.213.122,853,
34.30.15.135,853,
45.80.189.105,853,
107.189.10.142,853,
146.19.14.77,853,
185.164.136.132,853,
141.145.209.191,853,
23.247.213.14,853,
45.90.29.219,853,
23.247.212.225,853,
40.68.32.249,853,
95.216.99.249,853,
45.90.28.212,853,
80.67.176.166,853,
158.180.232.134,853,
45.90.31.138,853,
23.247.214.58,853,
94.158.218.50,853,
199.119.65.94,853,
51.68.175.97,853,
103.189.57.254,853,
23.247.213.3,853,
217.178.61.55,853,
23.247.214.242,853,
23.247.214.236,853,
139.162.153.123,853,
45.54.76.1,853,
23.247.214.180,853,
144.22.182.122,853,
23.247.214.198,853,
23.247.215.96,853,
38.175.115.137,853,
212.132.74.101,853,
5.75.239.250,853,
35.209.32.82,853,
91.107.162.2,853,
146.19.14.46,853,
146.19.14.2,853,
45.90.28.96,853,
37.187.108.188,853,
45.90.28.168,853,
146.19.14.178,853,
23.247.214.103,853,
212.227.183.116,853,
60.246.221.63,853,
146.19.14.199,853,
45.90.28.30,853,
109.123.236.250,853,
89.58.41.236,853,
45.90.29.147,853,
74.48.19.254,853,
95.217.134.198,853,
152.67.57.143,853,
46.188.104.126,853,
95.31.43.185,853,
45.90.31.222,853,
23.247.215.94,853,
45.79.204.154,853,
95.217.191.166,853,
45.90.28.195,853,
146.19.14.31,853,
103.232.121.16,853,
45.90.28.8,853,
23.247.213.24,853,
182.148.78.208,853,
45.90.30.201,853,
120.78.4.122,853,
66.228.35.114,853,
157.245.59.94,853,
23.247.214.154,853,
45.90.31.52,853,
45.90.30.183,853,
45.90.30.226,853,
106.55.105.187,853,
23.247.213.79,853,
162.43.88.137,853,
3.15.45.3,853,
23.247.214.72,853,
146.19.14.182,853,
45.90.29.68,853,
45.90.28.94,853,
144.208.222.195,853,
45.90.30.222,853,
45.90.28.236,853,
45.90.30.216,853,
146.19.14.169,853,
212.25.16.51,853,
129.153.37.162,853,
123.183.72.162,853,
194.195.250.199,853,
23.247.214.223,853,
45.139.193.178,853,
213.183.61.151,853,
124.223.192.184,853,
45.90.29.18,853,
23.247.214.184,853,
155.248.242.54,853,
23.247.215.160,853,
45.90.31.228,853,
45.147.51.247,853,
37.252.234.177,853,
65.108.251.127,853,
45.90.29.253,853,
46.23.94.88,853,
45.90.28.26,853,
185.225.20.152,853,
45.90.28.74,853,
45.90.28.128,853,
45.90.31.205,853,
23.247.215.130,853,
86.218.64.55,853,
45.90.31.122,853,
23.247.214.158,853,
70.64.88.210,853,
129.150.49.124,853,
103.161.184.39,853,
146.19.14.246,853,
49.13.0.214,853,
45.90.31.13,853,
45.90.30.246,853,
23.247.214.6,853,
201.13.53.70,853,
116.203.59.26,853,
112.14.25.88,853,
45.90.31.40,853,
51.178.26.62,853,
8.142.7.186,853,
45.90.30.159,853,
113.31.104.86,853,
154.26.156.127,853,
23.247.212.173,853,
49.13.58.85,853,
23.247.212.202,853,
154.3.36.68,853,
23.247.213.145,853,
188.64.12.184,853,
146.19.14.93,853,
31.21.132.218,853,
23.247.212.254,853,
23.247.213.57,853,
149.202.245.241,853,
23.247.212.162,853,
190.44.83.32,853,
69.161.221.214,853,
49.232.155.117,853,
45.90.30.21,853,
95.31.118.18,853,
23.247.214.68,853,
104.223.30.30,853,
218.102.82.218,853,
108.214.118.99,853,
172.96.192.42,853,
188.165.53.130,853,
23.247.213.184,853,
74.82.42.42,853,
146.19.14.54,853,
23.247.215.137,853,
39.100.67.189,853,
94.140.15.15,853,
45.90.28.253,853,
45.90.29.196,853,
23.247.214.155,853,
23.247.214.101,853,
23.247.214.0,853,
23.247.214.122,853,
99.99.29.164,853,
192.9.137.151,853,
38.207.164.224,853,
92.135.108.118,853,
103.199.16.240,853,
139.144.73.222,853,
217.146.1.97,853,
23.247.214.108,853,
23.247.212.127,853,
121.36.102.167,853,
152.70.37.123,853,
45.90.31.170,853,
45.90.29.213,853,
45.90.29.12,853,
146.19.14.145,853,
176.186.117.241,853,
45.90.31.206,853,
185.240.84.237,853,
103.84.207.201,853,
187.189.48.212,853,
23.247.214.243,853,
192.210.232.112,853,
209.250.233.89,853,
15.165.113.96,853,
23.247.213.107,853,
47.122.8.12,853,
45.90.28.189,853,
23.247.212.146,853,
23.247.213.95,853,
45.90.28.24,853,
42.193.23.195,853,
68.183.91.243,853,
89.179.125.169,853,
23.247.212.86,853,
146.19.14.7,853,
43.229.79.19,853,
23.247.212.166,853,
139.224.50.204,853,
45.90.29.133,853,
23.247.213.105,853,
23.247.215.131,853,
94.140.15.16,853,
23.247.215.45,853,
45.90.29.163,853,
103.155.26.27,853,
23.247.215.212,853,
154.197.101.19,853,
47.76.236.11,853,
47.109.24.188,853,
138.2.237.37,853,
79.137.38.238,853,
146.19.14.250,853,
78.21.146.124,853,
5.161.176.68,853,
146.19.14.218,853,
8.134.199.233,853,
23.247.212.12,853,
119.252.93.133,853,
45.90.30.129,853,
146.19.14.82,853,
45.90.30.16,853,
45.90.28.147,853,
116.203.79.143,853,
103.188.82.180,853,
45.121.146.34,853,
107.189.31.48,853,
45.90.29.142,853,
91.66.7.96,853,
23.247.212.238,853,
45.90.29.211,853,
23.247.213.94,853,
45.90.30.32,853,
23.247.214.114,853,
23.247.213.12,853,
109.67.146.12,853,
45.90.30.90,853,
129.150.54.163,853,
79.120.120.17,853,
23.247.212.223,853,
23.247.215.98,853,
45.90.30.120,853,
146.19.14.248,853,
23.247.215.119,853,
5.2.72.7,853,
111.173.105.195,853,
88.99.215.72,853,
23.247.215.157,853,
23.247.212.92,853,
110.41.52.79,853,
23.247.212.213,853,
122.254.0.63,853,
62.210.209.39,853,
95.98.12.245,853,
146.19.14.234,853,
45.137.68.113,853,
180.218.212.61,853,
45.90.30.176,853,
45.90.28.1,853,
103.145.85.248,853,
146.19.14.193,853,
47.253.24.12,853,
154.44.3.216,853,
185.124.166.59,853,
139.9.5.215,853,
31.41.249.84,853,
45.90.28.151,853,
131.186.63.153,853,
37.252.231.163,853,
45.90.29.179,853,
143.47.226.250,853,
23.247.215.214,853,
45.90.29.76,853,
146.19.14.170,853,
103.154.55.162,853,
45.90.28.234,853,
45.90.29.57,853,
23.247.213.11,853,
45.90.31.201,853,
1.117.216.189,853,
8.218.126.29,853,
103.176.98.98,853,
220.135.123.248,853,
173.255.255.133,853,
45.90.29.100,853,
45.90.31.26,853,
146.19.14.175,853,
89.162.113.59,853,
117.57.38.193,853,
45.90.31.192,853,
45.90.29.181,853,
45.90.28.153,853,
114.33.130.84,853,
103.225.209.118,853,
213.183.61.253,853,
212.113.116.151,853,
198.23.149.84,853,
23.247.215.43,853,
23.247.212.177,853,
107.182.235.110,853,
14.103.48.201,853,
8.138.19.239,853,
94.182.83.197,853,
146.19.14.19,853,
45.90.31.96,853,
194.116.214.241,853,
45.90.30.28,853,
23.247.212.182,853,
45.90.28.25,853,
213.212.231.98,853,
45.90.28.244,853,
142.171.237.4,853,
45.90.30.8,853,
103.155.26.28,853,
213.194.166.68,853,
144.24.114.32,853,
45.90.30.17,853,
82.64.20.104,853,
120.76.243.67,853,
146.19.14.101,853,
45.90.31.50,853,
151.236.26.237,853,
51.254.39.99,853,
103.186.65.82,853,
175.38.40.108,853,
150.143.58.130,853,
23.247.212.239,853,
144.22.251.36,853,
217.146.14.1,853,
62.234.91.128,853,
183.136.206.56,853,
77.221.142.187,853,
194.233.77.113,853,
146.19.14.72,853,
23.247.215.171,853,
37.220.86.34,853,
45.90.31.148,853,
45.90.28.182,853,
103.147.112.253,853,
35.207.49.227,853,
23.247.213.70,853,
195.85.19.32,853,
45.90.30.233,853,
178.255.153.47,853,
23.247.214.168,853,
172.233.154.137,853,
94.189.242.120,853,
23.247.215.156,853,
91.142.143.164,853,
45.90.31.179,853,
45.79.203.219,853,
107.173.50.247,853,
146.19.14.53,853,
46.183.185.19,853,
202.61.207.35,853,
128.199.28.178,853,
45.90.28.55,853,
23.247.212.54,853,
88.210.37.208,853,
45.90.30.77,853,
43.218.42.148,853,
139.59.192.13,853,
83.229.6.131,853,
51.38.131.12,853,
23.247.214.254,853,
89.40.113.135,853,
23.247.213.151,853,
57.129.6.198,853,
209.135.168.134,853,
23.247.215.172,853,
45.90.31.78,853,
139.180.142.21,853,
178.209.51.99,853,
45.90.28.209,853,
47.109.100.122,853,
23.247.214.10,853,
208.89.60.14,853,
223.87.121.26,853,
45.90.29.116,853,
23.247.212.212,853,
93.95.231.90,853,
185.40.106.78,853,
45.90.30.229,853,
91.142.143.4,853,
213.19.7.114,853,
46.36.40.196,853,
18.162.152.98,853,
146.19.14.208,853,
103.171.116.195,853,
43.154.154.162,853,
45.90.31.107,853,
113.240.88.170,853,
23.247.214.210,853,
200.25.36.70,853,
43.229.132.92,853,
91.134.89.183,853,
138.2.129.129,853,
198.244.189.180,853,
23.247.214.137,853,
103.147.112.243,853,
45.90.31.57,853,
202.61.195.71,853,
23.247.213.211,853,
87.106.165.238,853,
45.90.30.1,853,
23.247.212.242,853,
119.252.95.133,853,
132.145.113.237,853,
45.90.29.191,853,
23.247.214.18,853,
77.91.103.51,853,
146.19.3.129,853,
130.61.114.231,853,
107.148.71.2,853,
103.146.112.187,853,
129.153.115.244,853,
172.105.101.21,853,
23.247.213.67,853,
77.168.187.118,853,
144.208.224.129,853,
23.247.214.22,853,
49.13.164.87,853,
132.145.211.54,853,
23.247.213.116,853,
150.230.148.246,853,
23.247.213.162,853,
45.11.104.186,853,
212.23.221.229,853,
81.68.157.7,853,
66.175.234.76,853,
202.61.224.84,853,
45.90.29.159,853,
23.247.215.235,853,
45.90.29.251,853,
213.219.118.210,853,
185.113.28.128,853,
23.247.215.100,853,
103.251.113.145,853,
45.90.28.174,853,
23.247.213.149,853,
23.247.215.26,853,
146.19.14.6,853,
73.113.236.170,853,
120.24.42.118,853,
45.90.28.157,853,
103.89.233.194,853,
5.196.65.31,853,
23.247.212.79,853,
121.23.50.183,853,
103.141.113.250,853,
23.247.213.236,853,
147.78.246.151,853,
45.90.31.63,853,
95.217.142.59,853,
45.142.112.155,853,
185.233.106.40,853,
77.66.180.144,853,
113.142.83.132,853,
85.215.52.209,853,
193.225.113.121,853,
91.107.222.161,853,
45.90.28.250,853,
167.114.172.90,853,
45.90.31.106,853,
77.223.128.220,853,
23.247.214.59,853,
45.90.30.38,853,
45.90.29.190,853,
23.247.215.164,853,
23.247.214.212,853,
23.247.214.33,853,
139.99.155.59,853,
23.247.215.83,853,
45.90.30.73,853,
146.19.14.49,853,
23.247.212.110,853,
23.247.213.190,853,
45.90.30.22,853,
188.172.219.167,853,
23.247.213.243,853,
45.90.29.177,853,
45.90.28.178,853,
146.19.14.238,853,
23.247.212.163,853,
89.58.20.89,853,
51.178.139.232,853,
131.186.26.252,853,
199.195.251.87,853,
45.90.31.241,853,
23.247.215.63,853,
146.19.14.150,853,
141.147.170.199,853,
23.247.214.42,853,
155.138.213.156,853,
178.79.159.30,853,
146.19.14.241,853,
169.155.50.166,853,
8.129.152.232,853,
193.33.195.65,853,
64.191.0.242,853,
152.89.104.20,853,
91.208.73.212,853,
132.226.235.197,853,
23.247.213.35,853,
45.90.29.119,853,
23.247.213.25,853,
23.247.214.43,853,
159.203.40.0,853,
73.221.248.197,853,
23.247.214.134,853,
82.66.154.183,853,
141.95.55.104,853,
103.173.179.137,853,
129.146.181.77,853,
45.90.31.93,853,
23.247.212.124,853,
45.90.28.28,853,
45.90.30.27,853,
45.153.130.235,853,
46.183.184.29,853,
23.247.215.202,853,
49.0.2.184,853,
45.90.30.242,853,
76.76.2.22,853,
101.32.177.85,853,
23.247.214.38,853,
23.247.214.8,853,
23.247.214.55,853,
185.143.101.143,853,
23.247.214.69,853,
85.215.50.97,853,
23.247.214.218,853,
90.51.15.219,853,
47.98.178.84,853,
151.80.235.7,853,
110.41.133.175,853,
124.220.23.147,853,
129.213.20.240,853,
89.58.10.89,853,
94.16.98.163,853,
23.247.213.53,853,
77.72.225.252,853,
47.116.3.231,853,
49.13.59.144,853,
45.90.29.205,853,
45.150.243.134,853,
23.227.173.67,853,
87.151.55.42,853,
23.247.215.51,853,
47.204.166.219,853,
82.66.114.207,853,
45.90.29.239,853,
45.90.30.232,853,
81.82.41.54,853,
176.241.244.162,853,
140.238.62.127,853,
78.30.34.47,853,
168.138.76.236,853,
37.252.225.35,853,
146.19.14.229,853,
23.247.213.194,853,
23.247.214.118,853,
200.25.38.153,853,
150.230.38.217,853,
146.19.14.36,853,
154.201.64.245,853,
89.23.110.250,853,
45.90.30.150,853,
146.19.207.128,853,
152.67.10.83,853,
45.90.31.94,853,
23.247.214.47,853,
80.236.222.147,853,
185.165.118.38,853,
45.90.31.181,853,
45.90.28.175,853,
23.247.212.219,853,
58.180.30.100,853,
45.90.31.202,853,
103.214.22.32,853,
45.90.28.193,853,
23.247.212.15,853,
92.34.142.121,853,
45.90.28.204,853,
20.10.21.43,853,
45.90.29.71,853,
146.19.14.214,853,
45.90.28.226,853,
37.252.225.79,853,
198.55.127.219,853,
45.90.31.113,853,
146.19.14.10,853,
23.247.215.66,853,
23.247.215.78,853,
92.246.143.214,853,
91.134.19.232,853,
2.56.240.118,853,
23.247.214.222,853,
23.247.214.82,853,
147.189.137.160,853,
185.244.172.95,853,
5.249.159.25,853,
23.247.212.176,853,
146.19.14.33,853,
45.90.31.183,853,
45.90.29.27,853,
146.19.14.4,853,
45.90.31.91,853,
78.46.199.1,853,
23.247.212.67,853,
213.91.182.140,853,
23.247.215.170,853,
23.247.212.192,853,
193.225.113.108,853,
65.109.53.105,853,
45.90.28.176,853,
185.221.219.187,853,
152.136.220.248,853,
23.247.212.107,853,
45.90.28.232,853,
198.54.112.240,853,
23.247.212.89,853,
45.90.29.236,853,
23.247.213.84,853,
45.90.28.149,853,
23.247.212.237,853,
45.90.29.135,853,
64.64.233.103,853,
23.247.214.193,853,
23.247.214.175,853,
160.251.214.39,853,
23.247.212.99,853,
23.247.215.134,853,
34.73.37.154,853,
23.247.213.4,853,
152.70.79.81,853,
45.90.28.0,853,
45.90.28.98,853,
23.247.213.192,853,
23.247.213.130,853,
23.247.214.46,853,
23.247.215.120,853,
23.247.212.121,853,
23.247.213.104,853,
45.90.29.51,853,
121.127.249.232,853,
129.159.133.198,853,
82.165.251.132,853,
45.90.29.186,853,
91.227.237.180,853,
23.247.214.63,853,
141.147.51.237,853,
82.43.163.213,853,
82.65.137.112,853,
66.51.122.143,853,
113.183.226.252,853,
121.5.143.146,853,
178.255.154.89,853,
23.247.212.226,853,
47.108.0.60,853,
38.60.171.148,853,
64.176.57.200,853,
101.43.65.9,853,
45.13.38.209,853,
23.94.211.188,853,
45.90.29.95,853,
185.234.213.131,853,
116.230.129.207,853,
66.51.193.134,853,
217.160.154.80,853,
135.125.236.63,853,
80.78.27.103,853,
217.146.31.73,853,
147.45.197.211,853,
188.165.133.98,853,
51.178.82.98,853,
185.150.10.229,853,
146.19.14.94,853,
23.247.215.178,853,
23.247.214.23,853,
45.90.29.130,853,
158.101.174.244,853,
45.90.31.115,853,
45.90.31.117,853,
3.1.10.25,853,
47.238.32.180,853,
142.132.165.195,853,
103.170.233.213,853,
23.247.212.87,853,
64.33.134.242,853,
80.212.157.35,853,
89.58.34.57,853,
103.217.145.102,853,
45.90.30.125,853,
138.2.110.61,853,
107.189.16.133,853,
46.188.13.35,853,
107.173.250.187,853,
23.247.214.48,853,
178.254.28.250,853,
23.247.212.74,853,
146.19.14.23,853,
45.90.29.209,853,
192.71.244.22,853,
23.247.215.15,853,
51.195.150.216,853,
198.58.97.167,853,
136.244.99.193,853,
23.247.215.229,853,
23.247.212.245,853,
45.90.29.134,853,
89.43.174.10,853,
23.247.213.209,853,
5.94.16.69,853,
178.140.79.57,853,
167.99.89.81,853,
158.179.201.242,853,
45.90.30.110,853,
45.150.242.161,853,
102.215.35.151,853,
23.247.213.164,853,
77.238.230.219,853,
44.9.16.66,853,
23.247.213.242,853,
23.247.214.81,853,
107.182.31.182,853,
193.225.113.120,853,
135.181.207.105,853,
135.181.254.222,853,
142.171.102.45,853,
45.77.229.7,853,
90.90.40.61,853,
177.130.41.42,853,
95.79.31.192,853,
37.27.127.30,853,
23.247.215.71,853,
37.252.224.5,853,
45.90.28.111,853,
45.90.31.203,853,
91.65.115.109,853,
45.90.31.191,853,
77.221.143.20,853,
45.90.29.0,853,
133.130.97.66,853,
45.90.28.63,853,
161.129.43.35,853,
23.247.213.91,853,
45.90.29.49,853,
45.90.31.209,853,
23.247.215.141,853,
163.47.56.141,853,
148.71.237.234,853,
76.76.10.11,853,
146.19.14.126,853,
69.14.251.61,853,
146.19.14.29,853,
129.153.145.111,853,
62.245.124.224,853,
146.19.14.211,853,
146.56.166.13,853,
36.255.220.91,853,
82.197.69.32,853,
223.5.5.5,853,
45.90.28.192,853,
54.213.93.141,853,
23.247.215.254,853,
8.38.78.75,853,
45.90.28.191,853,
23.247.215.19,853,
45.11.106.155,853,
45.90.29.192,853,
96.126.98.101,853,
45.90.30.113,853,
45.90.30.215,853,
23.247.214.152,853,
94.252.102.46,853,
23.247.212.233,853,
23.247.214.99,853,
45.90.28.242,853,
217.146.4.63,853,
113.171.255.141,853,
217.162.84.27,853,
172.183.127.90,853,
45.90.31.189,853,
146.19.14.57,853,
109.230.228.180,853,
23.247.214.188,853,
152.70.88.133,853,
23.247.213.229,853,
20.2.30.247,853,
45.90.30.236,853,
85.246.161.39,853,
191.242.177.114,853,
45.90.30.218,853,
82.157.136.54,853,
47.243.234.196,853,
45.90.30.114,853,
23.247.215.226,853,
165.227.239.162,853,
131.100.2.149,853,
146.56.186.225,853,
23.247.212.100,853,
45.90.30.223,853,
45.90.29.84,853,
23.247.215.230,853,
23.247.215.20,853,
45.90.31.156,853,
45.90.31.146,853,
20.106.169.7,853,
45.90.31.85,853,
45.90.31.235,853,
45.90.29.88,853,
23.247.213.55,853,
23.247.215.240,853,
176.96.136.170,853,
78.202.13.66,853,
89.168.16.255,853,
45.90.28.219,853,
142.4.215.118,853,
23.247.213.108,853,
67.230.178.19,853,
85.215.54.224,853,
213.183.61.183,853,
93.229.241.101,853,
185.87.49.13,853,
64.110.86.182,853,
212.126.59.63,853,
82.64.40.201,853,
23.247.214.142,853,
45.90.30.35,853,
45.90.29.62,853,
152.69.208.19,853,
71.71.123.229,853,
45.90.30.244,853,
45.90.28.248,853,
89.234.183.32,853,
99.105.194.213,853,
40.68.32.230,853,
103.155.226.2,853,
23.247.215.79,853,
146.19.14.8,853,
8.129.152.231,853,
158.101.12.70,853,
23.247.212.196,853,
1.13.176.109,853,
18.141.12.206,853,
93.179.96.26,853,
49.247.161.177,853,
193.233.80.100,853,
43.142.136.119,853,
45.90.28.61,853,
45.90.30.2,853,
103.140.244.75,853,
45.90.31.225,853,
121.137.121.240,853,
23.247.213.131,853,
79.118.192.23,853,
23.247.213.45,853,
23.247.214.228,853,
45.90.29.113,853,
45.90.31.100,853,
95.217.218.13,853,
47.108.215.208,853,
192.9.181.103,853,
91.121.55.138,853,
23.247.214.27,853,
160.251.16.241,853,
146.19.14.128,853,
194.71.126.128,853,
103.179.189.201,853,
146.19.14.103,853,
124.156.157.173,853,
193.225.113.125,853,
89.58.10.228,853,
23.247.214.16,853,
103.150.10.71,853,
180.148.117.52,853,
194.71.130.182,853,
45.90.31.110,853,
23.247.214.123,853,
70.190.0.16,853,
23.247.212.236,853,
130.61.218.15,853,
106.52.4.200,853,
195.2.78.71,853,
38.242.226.35,853,
146.19.14.50,853,
47.76.242.235,853,
45.90.28.58,853,
119.3.167.157,853,
85.90.247.169,853,
194.35.116.40,853,
146.19.14.9,853,
144.6.120.190,853,
34.145.80.3,853,
119.252.80.57,853,
23.247.215.232,853,
23.247.215.9,853,
122.51.8.162,853,
176.117.78.161,853,
23.247.213.208,853,
47.109.61.3,853,
87.14.44.95,853,
45.90.31.19,853,
45.90.29.34,853,
23.247.215.12,853,
180.158.94.41,853,
212.132.67.40,853,
168.119.52.97,853,
80.251.125.17,853,
23.247.212.91,853,
188.172.192.27,853,
203.86.201.165,853,
23.247.214.94,853,
45.90.30.153,853,
107.185.242.158,853,
144.24.141.114,853,
23.247.215.81,853,
82.67.60.61,853,
23.247.212.68,853,
172.235.39.146,853,
146.19.14.52,853,
54.251.191.192,853,
193.110.81.1,853,
220.132.13.90,853,
45.90.28.88,853,
129.146.175.123,853,
37.187.37.37,853,
141.164.63.208,853,
42.240.130.52,853,
149.28.144.189,853,
87.187.18.201,853,
59.127.175.174,853,
176.158.233.68,853,
5.135.184.156,853,
45.90.29.204,853,
195.201.18.42,853,
23.247.212.253,853,
45.90.28.42,853,
149.154.68.6,853,
95.31.11.36,853,
86.194.39.28,853,
45.90.30.14,853,
172.105.52.109,853,
139.59.75.183,853,
45.142.246.128,853,
5.252.118.42,853,
146.19.14.24,853,
45.90.30.11,853,
83.24.157.32,853,
103.2.186.194,853,
146.19.14.67,853,
23.247.212.56,853,
23.247.212.28,853,
47.122.8.5,853,
23.247.213.5,853,
185.51.247.16,853,
23.247.215.193,853,
23.247.213.231,853,
123.52.0.25,853,
141.147.36.93,853,
123.117.234.12,853,
193.110.81.254,853,
132.145.118.75,853,
162.14.132.109,853,
146.19.14.158,853,
185.96.163.127,853,
123.52.0.28,853,
5.255.119.199,853,
45.90.30.70,853,
23.247.214.136,853,
62.77.154.193,853,
146.19.14.39,853,
163.5.159.135,853,
106.52.9.213,853,
45.90.28.173,853,
146.19.14.83,853,
45.90.31.162,853,
132.226.201.92,853,
217.156.17.129,853,
159.54.147.43,853,
185.221.23.231,853,
45.90.30.127,853,
45.90.28.113,853,
23.247.213.97,853,
23.247.212.106,853,
47.5.112.50,853,
103.137.14.21,853,
34.92.53.29,853,
52.90.165.18,853,
94.140.14.140,853,
45.90.29.250,853,
23.247.215.1,853,
109.164.33.189,853,
23.247.215.148,853,
157.254.221.241,853,
23.247.213.8,853,
102.67.165.160,853,
106.55.104.139,853,
16.78.0.75,853,
47.109.84.45,853,
106.54.166.238,853,
23.247.214.31,853,
176.112.89.15,853,
146.19.14.79,853,
68.252.127.169,853,
195.117.36.91,853,
23.247.215.162,853,
45.90.30.234,853,
101.32.187.148,853,
141.94.20.160,853,
112.118.61.79,853,
23.247.212.41,853,
213.252.2.63,853,
23.247.215.149,853,
184.105.139.133,853,
45.90.29.210,853,
83.229.70.182,853,
162.19.151.35,853,
45.90.31.248,853,
167.88.172.71,853,
104.244.77.240,853,
185.13.241.126,853,
45.90.30.175,853,
180.158.167.128,853,
192.227.214.152,853,
146.19.14.74,853,
45.32.67.112,853,
152.89.107.99,853,
8.138.92.58,853,
146.19.14.180,853,
79.117.30.72,853,
23.94.158.118,853,
54.37.72.33,853,
23.247.213.241,853,
152.67.163.90,853,
45.90.31.185,853,
23.247.214.85,853,
45.90.31.130,853,
45.90.28.97,853,
45.90.30.26,853,
45.90.28.150,853,
45.90.30.121,853,
23.247.214.28,853,
23.247.214.52,853,
159.89.170.253,853,
174.138.115.58,853,
159.75.105.150,853,
89.66.194.53,853,
185.196.117.207,853,
88.116.200.30,853,
158.140.165.209,853,
23.247.213.20,853,
49.235.180.42,853,
138.2.153.232,853,
219.142.147.145,853,
46.17.40.171,853,
23.247.215.188,853,
149.88.64.107,853,
115.36.41.98,853,
23.247.212.42,853,
45.32.79.76,853,
146.19.14.227,853,
119.91.102.90,853,
23.247.214.156,853,
13.51.142.120,853,
159.203.29.240,853,
5.42.74.169,853,
119.34.140.164,853,
23.247.213.60,853,
23.247.215.126,853,
45.90.31.11,853,
23.247.213.155,853,
82.66.3.3,853,
3.87.82.221,853,
23.247.213.134,853,
198.251.90.92,853,
47.103.196.252,853,
45.90.28.36,853,
45.90.31.44,853,
45.90.31.249,853,
147.45.233.78,853,
23.247.214.111,853,
23.247.212.139,853,
45.90.28.233,853,
45.90.31.125,853,
68.191.42.236,853,
146.19.14.80,853,
45.90.28.47,853,
23.247.212.198,853,
128.199.196.14,853,
45.90.29.242,853,
45.90.30.189,853,
45.90.31.132,853,
140.82.35.182,853,
85.190.230.8,853,
23.247.215.215,853,
207.90.193.144,853,
103.156.22.253,853,
185.132.40.84,853,
23.247.213.42,853,
23.247.212.144,853,
121.133.94.94,853,
172.105.106.46,853,
130.61.36.132,853,
77.223.128.221,853,
45.90.31.2,853,
206.237.2.172,853,
148.135.59.28,853,
45.90.29.195,853,
146.19.14.89,853,
124.221.36.27,853,
146.19.14.165,853,
5.255.99.146,853,
45.90.28.148,853,
158.174.250.13,853,
200.25.53.117,853,
95.160.42.208,853,
41.76.108.201,853,
23.247.212.129,853,
14.155.241.180,853,
78.47.50.16,853,
172.232.251.192,853,
23.247.212.169,853,
45.90.29.174,853,
117.72.65.112,853,
200.25.42.136,853,
142.171.163.18,853,
146.19.14.253,853,
209.225.141.207,853,
45.90.30.24,853,
141.148.211.172,853,
217.146.22.69,853,
121.43.102.113,853,
73.216.36.155,853,
23.247.215.49,853,
185.81.29.81,853,
185.233.186.96,853,
23.247.215.198,853,
23.247.213.212,853,
116.86.216.99,853,
123.120.49.128,853,
23.247.214.148,853,
39.103.26.205,853,
23.247.212.158,853,
185.242.87.104,853,
23.247.213.223,853,
23.247.215.3,853,
96.93.111.162,853,
23.247.213.114,853,
116.86.135.97,853,
23.247.215.253,853,
23.247.212.70,853,
211.56.137.5,853,
212.83.46.189,853,
23.247.212.193,853,
104.168.9.253,853,
35.195.3.94,853,
103.89.233.26,853,
23.247.212.160,853,
23.247.215.217,853,
146.19.14.133,853,
23.247.213.92,853,
178.79.171.80,853,
146.19.14.48,853,
45.90.31.247,853,
176.125.239.11,853,
45.90.28.100,853,
45.90.28.6,853,
119.28.102.124,853,
106.52.233.86,853,
94.23.71.64,853,
146.19.14.59,853,
191.252.196.196,853,
49.13.172.246,853,
194.104.136.77,853,
172.233.234.254,853,
124.222.60.50,853,
79.247.217.95,853,
146.56.152.71,853,
45.90.31.135,853,
20.64.72.8,853,
45.136.254.220,853,
101.32.190.97,853,
45.90.28.84,853,
50.116.32.118,853,
45.90.29.169,853,
23.247.212.34,853,
120.55.203.36,853,
23.247.215.145,853,
57.128.122.72,853,
45.90.29.110,853,
194.0.5.3,853,
45.90.30.254,853,
78.47.41.7,853,
114.55.103.49,853,
96.231.46.60,853,
188.132.232.172,853,
217.180.239.180,853,
113.65.124.135,853,
103.170.233.116,853,
23.247.215.238,853,
45.90.28.119,853,
147.78.0.8,853,
185.113.29.180,853,
103.188.19.250,853,
45.90.29.114,853,
23.247.215.16,853,
23.247.214.54,853,
103.207.68.174,853,
45.90.30.52,853,
188.120.250.12,853,
45.90.29.16,853,
146.19.14.228,853,
60.21.95.117,853,
49.232.154.235,853,
217.61.122.112,853,
45.90.29.187,853,
206.237.6.105,853,
45.90.29.91,853,
45.90.30.213,853,
47.237.106.110,853,
45.90.29.42,853,
113.17.116.9,853,
23.247.214.98,853,
23.247.213.234,853,
120.55.203.39,853,
87.242.86.61,853,
23.247.212.51,853,
18.143.101.59,853,
23.247.213.154,853,
23.247.213.173,853,
45.90.29.171,853,
101.33.235.10,853,
23.247.215.99,853,
23.247.215.122,853,
45.90.28.206,853,
45.90.31.67,853,
51.103.249.41,853,
45.90.30.42,853,
193.30.120.245,853,
45.90.31.238,853,
23.247.215.11,853,
45.90.30.9,853,
198.180.150.12,853,
45.66.129.121,853,
178.128.114.220,853,
45.90.28.27,853,
45.113.232.137,853,
49.13.72.186,853,
146.19.14.34,853,
45.90.28.44,853,
185.208.47.8,853,
192.210.201.104,853,
45.90.28.90,853,
185.94.29.213,853,
139.144.3.118,853,
45.90.28.73,853,
146.19.14.220,853,
45.90.28.15,853,
14.224.141.67,853,
81.70.55.17,853,
39.103.26.199,853,
45.90.29.127,853,
93.179.100.250,853,
192.18.156.66,853,
104.167.247.147,853,
45.131.133.196,853,
45.90.31.223,853,
103.186.65.126,853,
74.59.75.37,853,
23.247.213.17,853,
200.25.16.72,853,
89.44.197.92,853,
185.237.14.49,853,
207.148.84.39,853,
23.247.215.61,853,
1.94.22.159,853,
23.247.212.149,853,
81.34.35.196,853,
146.19.14.25,853,
159.223.130.124,853,
2.59.169.88,853,
146.19.14.179,853,
23.247.215.18,853,
45.90.29.132,853,
45.90.28.85,853,
202.61.203.66,853,
45.90.30.238,853,
162.250.6.163,853,
45.90.31.237,853,
110.42.98.213,853,
45.90.29.228,853,
206.42.48.100,853,
45.90.31.84,853,
116.227.76.80,853,
94.241.172.138,853,
193.225.113.109,853,
49.156.20.20,853,
146.19.14.92,853,
107.4.127.184,853,
45.90.29.145,853,
43.245.48.21,853,
217.25.93.63,853,
89.168.125.225,853,
23.247.212.128,853,
45.90.30.131,853,
45.90.216.164,853,
45.79.33.43,853,
34.101.132.105,853,
23.247.215.8,853,
45.140.168.250,853,
135.125.181.234,853,
45.90.31.208,853,
77.83.77.251,853,
163.172.68.245,853,
173.242.121.32,853,
132.145.56.41,853,
158.178.239.246,853,
45.90.30.249,853,
23.247.212.159,853,
139.144.62.78,853,
8.217.153.86,853,
157.90.31.87,853,
45.90.29.252,853,
102.130.49.135,853,
23.247.214.209,853,
39.103.26.201,853,
45.90.31.214,853,
43.205.74.21,853,
37.32.8.86,853,
23.247.215.241,853,
62.77.158.147,853,
23.247.212.134,853,
51.79.55.53,853,
45.90.30.47,853,
45.90.28.161,853,
23.247.213.28,853,
90.187.44.217,853,
109.74.192.54,853,
23.247.215.101,853,
66.23.193.191,853,
23.247.215.46,853,
164.92.174.192,853,
35.78.235.61,853,
141.44.25.156,853,
45.90.30.80,853,
91.107.205.210,853,
45.90.28.224,853,
45.90.30.187,853,
23.247.212.115,853,
146.59.138.220,853,
23.88.103.246,853,
185.142.120.212,853,
194.45.101.249,853,
23.247.212.247,853,
23.247.215.28,853,
45.90.30.118,853,
23.247.215.248,853,
45.90.28.137,853,
23.247.214.232,853,
185.62.86.50,853,
23.247.214.185,853,
103.118.244.92,853,
159.75.178.210,853,
218.81.217.164,853,
5.196.7.41,853,
141.144.245.205,853,
172.105.52.85,853,
188.65.91.5,853,
79.137.195.159,853,
18.139.173.176,853,
23.247.214.196,853,
85.113.219.55,853,
23.247.212.46,853,
45.90.29.69,853,
47.242.44.183,853,
5.161.43.197,853,
45.90.31.129,853,
85.170.108.249,853,
154.3.37.136,853,
23.247.212.58,853,
45.90.31.175,853,
45.90.31.219,853,
142.171.139.201,853,
45.90.30.36,853,
51.38.51.232,853,
146.19.14.42,853,
92.205.191.174,853,
45.90.29.139,853,
124.71.208.22,853,
178.254.18.38,853,
45.90.28.52,853,
23.27.101.83,853,
185.9.31.194,853,
216.238.105.217,853,
45.90.31.199,853,
141.144.233.11,853,
45.90.31.104,853,
45.90.29.126,853,
23.99.116.72,853,
124.71.3.160,853,
124.223.66.158,853,
60.172.59.135,853,
45.90.30.155,853,
45.137.64.208,853,
23.247.214.45,853,
38.54.31.178,853,
178.218.193.74,853,
51.38.71.36,853,
194.35.13.229,853,
114.55.116.166,853,
87.107.54.37,853,
45.90.29.65,853,
23.247.215.104,853,
23.247.215.136,853,
103.171.116.199,853,
129.148.46.111,853,
223.166.35.55,853,
146.19.14.30,853,
122.153.97.167,853,
57.128.201.4,853,
23.247.215.129,853,
1.117.99.118,853,
23.247.215.125,853,
49.0.2.185,853,
203.57.114.62,853,
15.235.140.56,853,
23.247.215.0,853,
45.90.31.143,853,
45.90.30.138,853,
152.67.2.102,853,
23.247.213.153,853,
45.90.30.134,853,
23.247.215.114,853,
94.250.249.172,853,
143.47.57.20,853,
198.251.90.172,853,
51.75.71.212,853,
146.19.14.224,853,
45.90.30.91,853,
23.247.213.22,853,
45.90.29.189,853,
167.179.74.95,853,
59.188.201.52,853,
200.25.13.201,853,
185.14.45.185,853,
23.247.214.90,853,
194.110.247.42,853,
45.90.28.68,853,
123.31.41.42,853,
23.247.214.120,853,
23.247.215.97,853,
23.247.215.128,853,
146.19.14.85,853,
45.90.28.198,853,
23.247.212.94,853,
96.9.210.199,853,
154.26.139.135,853,
152.167.213.84,853,
185.185.169.32,853,
54.37.137.73,853,
23.247.213.59,853,
52.31.41.53,853,
45.90.28.65,853,
5.181.25.70,853,
185.43.4.32,853,
103.70.12.105,853,
124.221.43.202,853,
113.240.88.172,853,
159.75.30.155,853,
178.209.51.56,853,
51.77.215.135,853,
104.168.5.30,853,
23.247.214.249,853,
5.161.198.56,853,
115.207.53.191,853,
45.90.30.157,853,
23.247.213.226,853,
23.247.213.188,853,
77.223.128.219,853,
146.19.14.245,853,
92.44.163.100,853,
23.247.213.26,853,
163.172.111.173,853,
45.90.29.165,853,
89.58.3.251,853,
23.137.248.24,853,
107.172.103.206,853,
113.142.83.130,853,
139.180.168.231,853,
194.163.143.99,853,
45.90.28.92,853,
45.90.30.126,853,
144.76.237.109,853,
45.90.29.254,853,
23.247.214.192,853,
23.158.136.222,853,
37.221.65.233,853,
23.247.214.92,853,
146.19.14.105,853,
24.6.177.148,853,
60.7.140.49,853,
45.66.159.180,853,
194.195.125.24,853,
57.128.198.110,853,
23.247.212.167,853,
23.247.212.22,853,
23.247.213.10,853,
23.247.213.101,853,
176.222.55.84,853,
45.90.30.93,853,
47.240.12.16,853,
45.90.31.81,853,
216.24.187.208,853,
23.247.215.17,853,
123.52.0.21,853,
49.4.89.204,853,
45.90.29.166,853,
146.19.14.63,853,
146.19.14.114,853,
146.19.14.216,853,
146.19.14.40,853,
23.247.215.231,853,
45.90.29.108,853,
59.191.155.245,853,
45.90.31.186,853,
146.19.14.73,853,
45.90.31.172,853,
45.90.30.101,853,
213.134.17.81,853,
94.130.25.155,853,
194.156.163.172,853,
192.145.46.236,853,
58.53.80.64,853,
103.118.41.58,853,
45.90.29.63,853,
172.104.151.184,853,
116.72.179.131,853,
212.227.197.43,853,
23.247.215.244,853,
23.247.212.240,853,
23.247.212.216,853,
45.90.31.10,853,
95.70.200.14,853,
45.90.28.138,853,
103.127.97.73,853,
23.247.213.38,853,
45.90.28.177,853,
172.233.66.223,853,
23.247.215.59,853,
27.25.137.221,853,
37.252.239.39,853,
92.119.126.17,853,
116.203.135.71,853,
45.90.29.206,853,
23.247.214.144,853,
101.50.85.66,853,
51.15.48.216,853,
23.247.215.21,853,
23.247.213.203,853,
77.132.48.173,853,
23.247.214.166,853,
23.247.213.185,853,
45.90.29.2,853,
23.247.212.168,853,
94.111.63.219,853,
209.141.36.134,853,
45.90.30.208,853,
62.12.175.155,853,
106.14.171.59,853,
23.247.212.210,853,
178.201.44.198,853,
23.247.212.23,853,
81.71.91.126,853,
185.13.114.29,853,
193.225.113.124,853,
37.252.254.39,853,
23.247.215.132,853,
45.90.31.37,853,
77.72.225.250,853,
139.9.191.229,853,
8.129.152.229,853,
45.175.33.159,853,
45.90.31.14,853,
23.247.213.65,853,
45.90.29.185,853,
178.128.26.224,853,
54.95.10.235,853,
23.247.212.155,853,
91.107.192.201,853,
45.90.31.234,853,
23.247.212.30,853,
42.192.51.147,853,
213.35.119.11,853,
91.121.149.191,853,
45.90.29.17,853,
45.90.31.190,853,
45.156.27.224,853,
146.19.14.118,853,
158.179.208.142,853,
23.247.215.72,853,
73.39.165.124,853,
129.150.37.251,853,
45.90.30.119,853,
45.90.30.166,853,
118.254.16.22,853,
45.90.28.237,853,
23.247.214.245,853,
23.247.212.65,853,
66.51.124.119,853,
168.138.102.141,853,
23.247.213.201,853,
45.90.31.99,853,
103.167.210.254,853,
45.90.31.149,853,
123.151.107.5,853,
45.90.29.40,853,
85.90.188.166,853,
66.175.213.197,853,
146.19.14.225,853,
195.20.234.64,853,
45.90.30.18,853,
152.69.223.63,853,
185.38.250.67,853,
208.180.192.130,853,
185.44.83.109,853,
45.90.28.145,853,
45.90.30.171,853,
45.90.30.81,853,
45.90.31.48,853,
139.59.3.235,853,
23.247.212.69,853,
172.233.46.251,853,
20.205.3.4,853,
23.247.214.189,853,
103.181.143.111,853,
91.14.213.68,853,
118.161.2.135,853,
65.108.246.130,853,
193.225.113.3,853,
5.182.17.134,853,
47.253.24.1,853,
146.19.14.189,853,
45.90.31.3,853,
179.49.226.38,853,
62.220.153.94,853,
23.247.215.190,853,
193.225.113.113,853,
8.129.152.233,853,
139.162.10.156,853,
64.201.232.246,853,
146.19.14.210,853,
83.138.55.98,853,
23.247.215.5,853,
137.184.54.118,853,
45.90.30.0,853,
95.165.158.159,853,
18.163.112.188,853,
23.247.212.164,853,
82.66.243.72,853,
109.64.67.55,853,
23.247.214.75,853,
45.90.28.71,853,
113.23.254.190,853,
23.247.215.10,853,
140.238.174.86,853,
45.90.31.21,853,
188.172.223.3,853,
45.90.30.79,853,
188.165.76.217,853,
150.230.38.110,853,
8.134.193.75,853,
14.144.60.232,853,
45.90.31.54,853,
45.90.29.234,853,
134.195.88.138,853,
